instrument,name,f_KMID,f_KUP,f_KUP2,f_KLOW,f_KLOW2,f_KSFT,f_KSFT2,f_KLEN,f_KHILO,f_KMAX,f_KMIN,f_KBOD,f_KCOV,f_KCOV2,f_KHIHI,f_KLOLO,f_RET_001,f_RET_002,f_RET_003,f_RET_005,f_RET_008,f_RET_010,f_RET_013,f_RET_015,f_RET_020,f_RET_025,f_RET_030,f_RET_040,f_RET_050,f_RET_060,f_RET_120,f_MA5_CLOSE,f_MA10_CLOSE,f_MA20_CLOSE,f_MA30_CLOSE,f_MA60_CLOSE,f_MA5_OPEN,f_MA10_OPEN,f_MA20_OPEN,f_MA30_OPEN,f_MA60_OPEN,f_MA5_HIGH,f_MA10_HIGH,f_MA20_HIGH,f_MA30_HIGH,f_MA60_HIGH,f_MA5_LOW,f_MA10_LOW,f_MA20_LOW,f_MA30_LOW,f_MA60_LOW,f_MA5_VWAP,f_MA10_VWAP,f_MA20_VWAP,f_MA30_VWAP,f_MA60_VWAP,f_STD5_CLOSE,f_STD10_CLOSE,f_STD20_CLOSE,f_STD30_CLOSE,f_STD60_CLOSE,f_STD5_OPEN,f_STD10_OPEN,f_STD20_OPEN,f_STD30_OPEN,f_STD60_OPEN,f_STD5_RET,f_STD10_RET,f_STD20_RET,f_STD30_RET,f_STD60_RET,f_MAX5_HIGH,f_MIN5_LOW,f_MAX10_HIGH,f_MIN10_LOW,f_MAX20_HIGH,f_MIN20_LOW,f_MAX30_HIGH,f_MIN30_LOW,f_MAX60_HIGH,f_MIN60_LOW,f_DEV5_CLOSE,f_DEV10_CLOSE,f_DEV20_CLOSE,f_DEV30_CLOSE,f_DEV60_CLOSE,f_DEV5_OPEN,f_DEV10_OPEN,f_DEV20_OPEN,f_DEV30_OPEN,f_DEV60_OPEN,f_DEV5_RET,f_DEV10_RET,f_DEV20_RET,f_DEV30_RET,f_DEV60_RET,f_ZSC5_CLOSE,f_ZSC10_CLOSE,f_ZSC20_CLOSE,f_ZSC30_CLOSE,f_ZSC60_CLOSE,f_ZSC5_VOL,f_ZSC10_VOL,f_ZSC20_VOL,f_ZSC30_VOL,f_ZSC60_VOL,f_POS5,f_POS10,f_POS20,f_POS30,f_POS60,f_VOLR5,f_VOLR10,f_VOLR20,f_VOLR30,f_VOLR60,f_PVC5,f_PVC10,f_PVC20,f_PVC30,f_PVC60,f_RTV5,f_RTV10,f_RTV20,f_RTV30,f_RTV60,f_RCU5,f_RCU10,f_RCU20,f_RCU30,f_RCU60,f_SK5_CLOSE,f_KU5_CLOSE,f_SK10_CLOSE,f_KU10_CLOSE,f_SK20_CLOSE,f_KU20_CLOSE,f_SK30_CLOSE,f_KU30_CLOSE,f_SK60_CLOSE,f_KU60_CLOSE,f_RSI,f_MACD,f_MACD_SIGNAL,f_MACD_HIST,f_BB_UPPER,f_BB_LOWER,f_BB_WIDTH,f_BB_PCT,f_ATR,f_ATR_PCT,f_OBV,f_OBV_CHG,f_KDJ_K,f_KDJ_D,f_KDJ_J,date,label,pred_ret,close
002475,立讯精密,68.9900016784668,0.4970419143022706,0.7840247571794179,0.13905147136826254,-0.5650903000519746,-0.7218970572631791,0.8195262999886972,0.13905147136826254,0.05022283952673079,69.0,67.7699966430664,0.36390661432917093,-0.36390661432917093,0.7810655428722608,0.028970705969431743,0.041795737483157236,-0.00382187477430318,0.030722382404051896,0.031035952866988792,0.12109174173269288,0.15648461446624373,0.2301687503241523,0.38872946111850215,0.34464274982746823,0.32960555267829617,0.37353053168792627,0.3508072377211149,0.31388123763625453,0.2958927951401553,0.1831280349063933,0.06372297394595439,65.40599975585937,62.217999649047854,56.291999626159665,53.77233327229818,52.43549868265788,64.3479995727539,61.169999313354495,55.53649959564209,53.24233309427897,52.29366664886474,66.39600143432617,63.29600105285645,57.36350059509277,54.768666966756186,53.39533354441325,62.992000579833984,60.23600044250488,54.67900009155274,52.39466667175293,51.4875,64.93133392333985,61.91666704813639,56.111500104268394,53.64522230360243,52.43944407569038,3.342435485446383,4.073209901895549,6.836773377636395,6.668365017599582,5.199904439922264,3.3962587933194035,4.168895923791102,6.503683243616521,6.24602180347013,4.93632186511414,0.0461090478029411,0.034791283230380166,0.03503458764014136,0.0357217591368531,0.029159365050214367,70.68000030517578,59.25,70.68000030517578,54.900001525878906,70.68000030517578,48.0,70.68000030517578,44.56999969482422,70.68000030517578,44.56999969482422,2.363996887207037,5.551996994018552,11.477997016906741,13.99766337076823,15.334497960408527,4.652000427246094,7.830000686645505,13.463500404357909,15.757666905721031,16.706333351135257,-0.027754483655534613,-0.025272960378335974,-0.01873099685345664,-0.014490131167450208,-0.007032700493856779,0.707267768517787,1.3630520222965816,1.6788617060864504,2.099114750590675,2.948996108981345,-0.21027787805100343,-0.2517054465663568,0.3060737331547432,0.6256901442766806,1.1880591452881275,0.7454065105499253,0.8155891072736918,0.8716929619508799,0.8885483112184777,0.8885483112184777,0.9224944270572615,0.9196139379510951,1.1328237484775827,1.3142249668958603,1.5901774877548644,0.9369813582578732,0.8915691141206874,0.8249131496958781,0.7850873129482207,0.7038505075954042,0.7319584420594278,0.552294499322387,0.5561568370890679,0.5670653464191756,0.462890569868494,0.12109174173269288,0.2301687503241523,0.32960555267829617,0.3508072377211149,0.1831280349063933,1.5449499133392879,1.993552314691597,1.4615916257584944,1.9380617065361885,1.0276520959762774,0.651379668884429,1.2641591850956149,1.2224019302898819,1.717452273363427,3.3663051264390655,88.0101913381211,4.371546496344351,2.9289470322394213,1.4425994641049296,69.96554638143246,42.61845287088688,0.4858078180231588,0.9197154265216403,3.142857687813895,0.04637535551856039,4079149365.0,0.14790400984037233,89.17422391915652,90.84690573569623,85.82886028607709,2026-04-23 01:30:00,-0.011361910597721514,0.02408562986092498,67.0
600690,海尔智家,20.56999969482422,0.14285422343273232,-0.14286103542183312,0.357145776565482,0.8928610354191546,-0.28570844686546465,-0.3571389645763812,0.357145776565482,0.013705275335944345,20.670000076293945,20.530000686645508,0.4999999999982143,-0.4999999999982143,-0.24999999999910716,-0.005283410757153328,-0.010174374548575615,-0.007253366359609381,-0.014402267794496049,-0.011555116313367919,-0.025166134507931703,-0.010125317588725036,-0.010602376547204417,-0.02931437083060573,-0.057824698299299815,-0.12971595786983037,-0.1768243686037574,-0.18499403527648417,-0.2137112138363494,-0.1853174577344423,-0.22175885747644175,-0.19090661989340107,20.73200035095215,20.832999992370606,21.177499961853027,22.275333340962728,23.892666721343993,20.811999893188478,20.854999923706053,21.297999954223634,22.404999923706054,23.97766663233439,20.888000106811525,20.971000099182127,21.413000106811523,22.538999938964842,24.152999909718833,20.611999893188475,20.722000122070312,21.035000038146972,22.11733341217041,23.716166718800864,20.74400011698405,20.842000071207682,21.20850003560384,22.310555564032658,23.92061111662123,0.1308432274904882,0.1634383848077571,0.6214573664792697,1.7071810957924558,2.057494701178767,0.12275993359860589,0.13986091729148764,0.7144715282240653,1.7303014360716562,2.035138278428573,0.00495467831515466,0.00684006762076979,0.01560071990599516,0.015121673846753616,0.014041183294316941,21.020000457763672,20.43000030517578,21.280000686645508,20.43000030517578,23.739999771118164,20.43000030517578,25.40999984741211,20.43000030517578,26.489999771118164,20.43000030517578,-0.20199966430664062,-0.30299930572509837,-0.6474992752075188,-1.7453326543172203,-3.362666034698485,-0.14199981689453267,-0.18499984741210795,-0.6279998779296889,-1.7349998474121087,-3.307666556040445,-0.002178538836652222,-0.006209094463866016,-0.0004469963150116659,-0.0005696489151621239,-0.003180899180062883,-1.5438297279832949,-1.8539054095501775,-1.041904578064207,-1.0223476927068669,-1.6343497909230738,0.00020260528093286867,0.47726522891607337,-0.27523512914305404,-0.0022521867882351458,0.1630695271933583,0.16949212814764536,0.11764745481254882,0.030211600484722573,0.020080399731281926,0.01650171456808192,1.0000403110013307,1.0866732039606706,0.8936689815552784,0.9990391614604578,1.0678458996427138,0.7907785369623936,0.4332412710975394,-0.41995989234515774,-0.531313693126321,-0.29191807630459304,0.07865307988934243,0.10858270725253276,0.2476537508690289,0.24004913043323706,0.22289687465902366,-0.025166134507931703,-0.010602376547204417,-0.12971595786983037,-0.18499403527648417,-0.22175885747644175,1.2660392372888343,1.6286747044124859,0.2334694019029394,-1.5394945902111596,0.08189851784356557,-0.061666153513004175,-0.4263825759973316,0.5887476719582428,-0.11346045936853127,0.8865591347125287,35.19163901986151,-0.8383821011983912,-0.9306719599855767,0.09228985878718554,22.420414694811566,19.934585228894488,0.11738068565197397,0.2395238554834326,0.3400000163487026,0.016561130296008784,-112286388.0,-19.838897997231033,25.242231535850536,29.875639144587623,15.975416318376361,2026-04-23 01:30:00,0.0487092044108155,0.014794912911953173,21.530000686645508
600809,山西汾酒,143.01000213623047,0.6254973540308367,1.715138104081533,0.0,-0.8964135797026096,-0.2509947080618727,0.3187260441774368,0.6254973540308367,0.03572956777551539,142.3800048828125,140.5,0.37450264596896404,0.37450264596896404,0.18127547562087754,0.060641454149284124,0.04058654683850271,0.03995326180987435,0.04033321823647151,0.025275508670271174,0.008642683402186657,0.04883981497467782,0.022037236221524648,0.0047989269528261325,-0.013852333649824411,-0.0457744221146793,-0.09994308941521002,-0.09254295461127626,-0.131405524199265,-0.18336679152005186,-0.16731972449404564,-0.22779042676940042,138.90400085449218,138.84200134277344,141.45600051879882,146.081667582194,156.0556671142578,138.697998046875,138.35499877929686,141.6974998474121,146.33633321126302,156.27716623942058,140.68200073242187,140.3559997558594,143.30950088500975,147.92466735839844,158.37050018310546,137.68600158691407,137.2770004272461,140.03300018310546,144.74433288574218,154.37333348592122,139.09066772460938,138.82500050862632,141.59950052897133,146.25022260877822,156.26650026109482,2.268972078816273,1.989918905692915,3.6224470585358346,7.769455688188978,12.496509389359268,1.6490963965697636,1.4609441566415322,4.087477876925826,7.797798705484281,12.39231077936651,0.02205825177197675,0.019008610569777915,0.01750128421822269,0.016127893573197407,0.021214282376806125,145.52000427246094,135.02000427246094,145.52000427246094,135.0,150.0,135.0,162.72999572753906,135.0,183.97000122070312,135.0,3.476004028320318,3.538003540039057,0.9240043640136832,-3.701662699381501,-13.675662231445301,1.802001953125,2.1450012207031364,-1.1974998474121037,-5.836333211263025,-15.77716623942058,0.038039502497194434,0.03761023181240255,0.042148352803706,0.04305938016394213,0.0427842521444955,1.5319730290080185,1.777963679783876,0.25507739632415877,-0.47643784171499204,-1.0943585768909982,1.741126911646997,2.5324687275586713,3.360780116214087,4.07248024080676,2.2268743641268895,0.7009524390810344,0.7015210917861537,0.49200032552080053,0.2661379740308811,0.1507046089207017,2.0456488561839303,2.080635421275488,2.427183079688987,2.6470121898830192,2.1988956739909025,0.9464142639713149,0.6877919485482102,0.19464152155775147,0.16765933210855252,0.5497081781029307,0.3501638912730019,0.30175233801903695,0.27782427399406023,0.2560223733959834,0.3367662924703755,0.008642683402186657,0.022037236221524648,-0.0457744221146793,-0.09254295461127626,-0.16731972449404564,1.8563132775807556,3.6295757429234285,0.8604731868168258,0.29109083127267465,0.6118647202568928,0.5184938261785131,0.4246011750886811,0.6291637633033789,2.054762482239022,8.454758637277342,47.085370838225536,-4.185584119591141,-4.906511894791463,0.7209277752003223,148.7008946358705,134.21110640172714,0.10243318191523192,0.5637693490810183,3.650000435965402,0.025635625163586355,-159313423.0,-0.04334129284779342,45.187861664350294,37.979235861496285,59.60511327005831,2026-04-23 01:30:00,0.006812762940284323,0.011952626908498264,143.35000610351562
600900,长江电力,26.835000038146973,0.17142685870872706,-0.34285371741745413,0.5714301284445339,0.5714301284445339,0.6571462825796888,-0.6571353834565233,0.17142685870872706,0.013128296454311128,26.950000762939453,26.860000610351562,0.25714301284388197,0.25714301284388197,-0.7714235889700631,-0.004423108573416323,-0.005965691619414404,0.0033507129762762045,-0.006634662860124596,0.004098383372809211,0.015065971275831647,0.020060586113361367,0.021220211680288203,0.009363295612598188,0.0026042263526191434,-0.009555249183436088,-0.012458781281844522,-0.012820457285799503,0.03773590587201192,0.04482450877860966,0.010618980756660124,-0.03634497027751604,26.83199996948242,26.649999809265136,26.76399984359741,26.927666600545248,26.620154253641765,26.761999893188477,26.605999755859376,26.78749990463257,26.947999890645345,26.67766653696696,26.94199981689453,26.751000022888185,26.89950008392334,27.078999964396157,26.8424999554952,26.623999786376952,26.48799991607666,26.62849998474121,26.778666687011718,26.505000082651772,26.79933319091797,26.62966658274333,26.763999970753986,26.92844441731771,26.65588476392958,0.27743489108306946,0.27117047637978015,0.3142310002040659,0.3683579600087755,0.5420334545390298,0.28437653405837965,0.2550469274623489,0.3200803665525765,0.3623716119267893,0.47154767807589776,0.011463403109491085,0.007829137135435687,0.0071245904944437985,0.007371292549920526,0.007864106001053266,27.149999618530273,26.3799991607666,27.149999618530273,26.239999771118164,27.450000762939453,26.239999771118164,27.649999618530273,26.239999771118164,27.649999618530273,25.3799991607666,0.11800079345703196,0.3000009536743171,0.18600091934204244,0.022334162394205492,0.32984650929768833,0.09800071716308523,0.2540008544921868,0.07250070571899414,-0.08799928029378279,0.1823340733846024,0.0003031349665570948,0.0012212223528624945,0.0038066046778233663,0.0037544923388608854,0.0031443210334006397,0.42532787781647435,1.106318643822615,0.5919241552254837,0.060631681187540476,0.6085353339999953,-0.12408094558166224,0.408034450357953,0.6819274038748634,-0.011325736355569431,-0.4451223580506724,0.7402613809186278,0.7802210009591051,0.5867771982170125,0.5035468572027931,0.6916305222770187,0.9885718874976425,1.062484237710572,1.0905465388599895,0.9972499700047792,0.7876804840926174,0.35454481425142176,0.31257127712431015,0.22565791321503723,-0.29040734322165324,-0.039730785812733746,0.18197588283718766,0.12428369904350066,0.113099367848838,0.1170156415691573,0.12483881257582556,0.015065971275831647,0.021220211680288203,-0.009555249183436088,-0.012820457285799503,0.010618980756660124,0.11220089193552071,-1.9895454799771017,0.5359281583838164,0.7319992892955453,0.6856294840459375,0.7230157300043727,0.2903954870206716,0.358054648971949,0.4945310970940258,0.0651672635314033,48.672578321248736,-0.018845150653092446,-0.06021186828977932,0.041366717636686874,27.392461844005542,26.13553784318928,0.04696323450012655,0.6479810388063264,0.27357169560023714,0.010151083037312254,-1157034195.0,-0.08847750516572972,71.25409682935565,59.10946302614982,95.54336443576729,2026-04-23 01:30:00,0.013729087992961242,0.0100821107387567,27.31999969482422
600519,贵州茅台,1412.3999633789062,0.047941941255650836,0.3219150021320315,0.19863214133423387,0.3013720391628766,0.9041161174886299,-0.3410951230320076,0.047941941255650836,0.010390702326963153,1419.0,1408.0,0.7534259174100468,0.7534259174100468,-0.3767129587050234,0.0004932707342317766,8.540699430281684e-05,0.0067399787158566316,0.004950382919406637,0.005748134345952671,-0.02996907853534647,-0.016843268325473892,-0.028408267438872925,-0.02808219178082194,-0.027709219310034672,0.006190290049313818,-0.033905260874587895,0.013571428571428568,-0.04871085402488884,-0.03791394942042425,0.033089403047709576,-0.0047167961609440034,1411.7280029296876,1433.3150024414062,1438.2600036621093,1436.9453369140624,1435.5651713053385,1407.4,1429.5169921875,1437.385498046875,1436.5849934895834,1436.248329671224,1418.7079833984376,1439.6549926757812,1447.815496826172,1448.146993001302,1450.526328531901,1403.989990234375,1423.1049926757812,1428.6800048828125,1426.2390055338542,1423.1006693522136,1411.4753255208332,1432.0249959309897,1438.251835123698,1437.1104451497397,1436.3973897298176,4.43762179026493,23.94384284019847,23.336332363235357,25.963914829953996,49.1430569098619,6.024948132560986,24.782308946826237,26.863375140467916,28.84823320399005,50.37518361712533,0.018197859127748798,0.013805461452652504,0.012437064040390303,0.013776513308486959,0.018170531731839648,1421.0,1399.8699951171875,1477.4100341796875,1399.8699951171875,1479.9300537109375,1396.6600341796875,1498.0699462890625,1391.010009765625,1568.0,1322.010009765625,7.271997070312409,-14.31500244140625,-19.260003662109284,-17.94533691406241,-16.56517130533848,0.599999999999909,-21.51699218749991,-29.385498046875,-28.58499348958344,-28.248329671223928,0.012671640608087453,0.009530483469241902,0.0063571914758111196,0.006198567359100149,0.006038260438975708,1.6387149275009814,-0.5978573505073589,-0.8253226497772698,-0.6911645270596319,-0.33708060399502515,-0.2055175062517789,0.09010876416343001,0.29377190516342894,0.24446996403464477,-0.28938355153572404,0.905347868536096,0.24671131345952504,0.2682834223658177,0.26144224574845687,0.39428429645435664,0.8582173896950511,1.0559766268992326,1.1606454128671189,1.1150818444931707,0.8168062288289865,-0.9291198206707335,-0.7829076215985772,-0.42064052463407686,-0.25189605360170075,0.0822253103476856,0.28888205787486065,0.21915490642924218,0.19743227094394153,0.21869536888696892,0.288448248913533,-0.02996907853534647,-0.028408267438872925,0.006190290049313818,0.013571428571428568,0.033089403047709576,-2.0723665864241787,4.4472928477617275,-1.9860647119955057,5.471516622851664,-1.28555088001011,4.121083789018278,-0.32655846279530854,1.7129966176724716,1.8122120561111634,7.46759088340936,37.83622200767819,-4.877779275572493,-0.09852877230045522,-4.779250503272038,1484.93266838858,1391.5873389356386,0.06490156801639803,0.2936693375556704,22.290701729910715,0.01570873976737893,-83129804.0,0.03464271517274331,23.7696574272675,31.827961774027205,7.653048733748086,2026-04-23 01:30:00,-0.02410849960359407,0.009213652829550324,1384.7900390625
002415,海康威视,33.739999771118164,0.8076909909855495,0.641023509215554,0.17949069070220983,0.26923359074268693,-0.6410186185942983,-0.12820274559460854,0.17949069070220983,0.0233883846980798,33.5,33.4900016784668,0.01281831831095861,-0.01281831831095861,0.08974290004047711,0.0053019234500952805,-0.001795910612542695,-0.004162931466010877,-0.007115264364857432,-0.029556554409623348,-0.0014907345168675423,0.025727415415956134,0.08875167195290357,0.1063759885037352,0.0901693498381082,0.08804421479422109,0.041032128835982506,0.0581359267650432,0.048856916955247964,0.05116136336750832,0.07546571402951119,0.006007832905951194,33.69800033569336,33.30700035095215,31.89850025177002,31.700000190734862,31.759666856129964,33.97200088500976,33.173000717163085,31.812000274658203,31.648000208536782,31.70966682434082,34.354000854492185,33.750000381469725,32.25150022506714,32.042666880289715,32.07733345031738,33.51999969482422,32.85399990081787,31.516000175476073,31.32933343251546,31.395833333333332,33.85733362833659,33.30366687774658,31.888666884104406,31.690666834513348,31.744277879926894,0.5076601195671798,0.7358296545570889,1.5391292211159393,1.3418437972554482,1.0555631450513465,0.6336165149371982,1.206428102294409,1.6352169043368734,1.392156783960695,1.102962334271995,0.02460408533914466,0.021880998246278385,0.01727639003853851,0.01783779008965884,0.016067870817097527,35.290000915527344,32.75,35.290000915527344,30.829999923706055,35.290000915527344,29.600000381469727,35.290000915527344,29.559999465942383,35.290000915527344,29.559999465942383,-0.20799865722656108,0.1830013275146456,1.5915014266967766,1.790001487731935,1.7303348223368324,-0.4720008850097628,0.3269992828369155,1.6879997253417969,1.8519997914632178,1.7903331756591783,-0.004102948376416315,-0.012915622438197794,-0.008531070476269692,-0.006201865799598971,-0.005502705217536804,-0.40972030145579796,0.24870066921201917,1.0340271660503144,1.3339864829213326,1.6392527822208336,-0.7890109035078747,-0.793312878306568,-0.008591110442900429,0.1312597579634632,-0.11319915756380608,0.2913391384793535,0.5964128168666406,0.6836556998040163,0.6858640869643041,0.6858640869643041,0.6459881515538328,0.6705773301882066,0.9943602813779779,1.0780221937079606,0.9366225341895035,0.5876162955733447,0.6300634209650076,0.5895044243722917,0.3916970115844436,0.4596737193364951,0.39057774626152236,0.34735007878495827,0.27425418956955894,0.283166139097259,0.25506954168211354,-0.0014907345168675423,0.08875167195290357,0.08804421479422109,0.0581359267650432,0.07546571402951119,1.6571293382820043,3.2844623445519474,0.15079414076852626,-1.5095371293998803,0.7273669053734911,-0.34089514494166967,0.0057378672821413795,0.524369006371828,0.26456856216435093,1.1442276634536648,71.6084417521372,0.7232237031214694,0.48690796510770695,0.2363157380137625,34.9767586940019,28.820241809538143,0.19300333356963847,0.758506791512623,0.9028572354997907,0.026959008368168506,2009255884.0,-0.05532456522852691,66.89593545405558,74.87515865991445,50.93748904233783,2026-04-23 01:30:00,0.08360701990829922,0.007111788854797102,36.290000915527344
601166,兴业银行,18.204999923706055,0.4000050862086145,-1.0666547988332329,0.46667260057671694,0.5999949137847188,-0.06665479883989947,-1.6666497126179516,0.46667260057671694,0.008273664248286572,18.219999313354492,18.200000762939453,0.1333223132080019,-0.1333223132080019,-1.4666598850418473,-0.010286877843661224,-0.004939635344658022,-0.0010976153221027296,-0.011943502304195164,-0.008714588349299945,-0.02203115711796655,-0.011943502304195164,-0.021505355393904968,-0.0262172154690562,-0.03754622370183791,-0.029850717436572305,-0.03957783481817989,-0.027258062345735135,-0.005464397720770453,-0.007594850873114067,-0.06687244538875958,-0.08997418616612352,18.320000076293944,18.44300022125244,18.596500205993653,18.656666819254557,18.572432422637938,18.410000228881835,18.488000297546385,18.62750005722046,18.673999977111816,18.7089999516805,18.5,18.57800006866455,18.738000011444093,18.79366658528646,18.85333325068156,18.289999771118165,18.392000007629395,18.523999977111817,18.562666575113933,18.576833279927573,18.36999994913737,18.471000099182127,18.619500064849852,18.67099999321832,18.66753298441569,0.10295624953948079,0.16200497176790152,0.21260964975158278,0.22451989640042097,0.2545157088562685,0.1367482836417971,0.13830742859365816,0.18657207871749903,0.1970575520361573,0.3417933692165825,0.006398271796244527,0.0066952673509259805,0.007538501910640529,0.009879643447804048,0.01032907937617006,18.68000030517578,18.1299991607666,18.790000915527344,18.1299991607666,19.09000015258789,18.1299991607666,19.09000015258789,18.1299991607666,20.270000457763672,18.020000457763672,-0.11999931335449077,-0.24299945831298686,-0.39649944305419993,-0.45666605631510393,-0.3724316596984849,-0.19000091552734233,-0.2680009841918931,-0.4075007438659668,-0.4540006637573235,-0.48900063832600793,0.003331513322730517,0.001053821089876561,0.00038950357119170724,-0.00022406846364689075,2.753603786526072e-06,-1.1655369527355297,-1.4999506228711497,-1.8649174367937327,-2.0339669830357794,-1.4632953752467328,-0.36233275132462905,0.6660495086908713,1.2436786840238494,1.3195562438980546,0.14269917694523523,0.12727537548657497,0.10606275160301937,0.07291826026134975,0.07291826026134975,0.080000135633645,0.9441271914319582,1.2373943154417093,1.4024784839622462,1.3730878704118104,1.0671852157289043,-0.6690339019508643,-0.38430143492780683,-0.01512776755064776,-0.41504946851552854,-0.3382929441808022,0.10156941596076931,0.10628407422984218,0.1196700078812406,0.15683447762926953,0.16396905180955296,-0.02203115711796655,-0.021505355393904968,-0.029850717436572305,-0.027258062345735135,-0.06687244538875958,-0.13262444632124573,-2.3497855260459333,0.24016874826865464,-0.8552762623006228,0.28875249799000446,-1.0301441176913675,-0.05525556838953704,2.542508032265758,-0.0018689229885555086,0.4976924793464536,31.383000848942643,-0.10968289900307227,-0.06450222532059383,-0.04518067368247844,19.02171950549682,18.171280906490487,0.0457311101328727,0.033770640799334305,0.21214308057512557,0.011656212729787329,758187856.0,-0.2846015469723122,11.841387168998478,17.54210720674968,0.4399470934960732,2026-04-23 01:30:00,-0.01483518936512751,0.00599607887049694,17.93000030517578
601318,中国平安,58.05500030517578,0.5714290904329494,0.5238109078221509,0.3333345443445011,0.47618909217689664,-0.3333309113100454,-0.18095418016927237,0.3333345443445011,0.01825140055686303,57.97999954223633,57.880001068115234,0.09523636522159705,-0.09523636522159705,0.0,-0.0003412396516568883,-0.0020815740399965366,-0.0025848305072712074,-0.0025848305072712074,-0.011274339547149737,-0.010936421473720759,0.0022511007465841892,-0.014640799894066525,0.011004385469261635,-0.005156397997369222,-0.015478820092546752,-0.06479234708481685,-0.07466024341976907,-0.11022293078045942,-0.13066987869744306,-0.13093089498184007,0.0,58.07999954223633,58.31599998474121,57.879500007629396,58.64466667175293,61.78250007629394,58.16399993896484,58.43600006103516,58.004500198364255,58.82233352661133,61.95983301798503,58.672000122070315,58.93600006103516,58.50149993896484,59.32333335876465,62.62050018310547,57.7120002746582,57.99400024414062,57.4795000076294,58.244333521525064,61.24633350372314,58.154666646321616,58.41533342997233,57.953499984741214,58.73744451734754,61.883111254374185,0.2656130856737547,0.4411908615982375,0.8822372072685328,1.5827796035689374,3.682119736537073,0.2895352018126894,0.4860092554024673,0.8415803280274989,1.5845670562473237,3.698016113948535,0.00834812873742965,0.011012965990652608,0.0176298702078735,0.01760659241987566,0.016668128971286052,59.11000061035156,57.529998779296875,59.84000015258789,57.529998779296875,59.84000015258789,55.84000015258789,62.79999923706055,55.84000015258789,69.0999984741211,55.84000015258789,-0.19999847412109517,-0.43599891662597656,0.0005010604858384227,-0.7646656036376953,-3.902499008178708,-0.1840003967285142,-0.45600051879883097,-0.024500656127926845,-0.8423339843750028,-3.9798334757486984,-0.00041576349999066214,-0.0011654294427712042,-0.0019513181206538722,-0.0001509045241490205,-0.0003843124602850431,-0.7529692056135927,-0.9882319752624951,0.0005679430449200534,-0.48311565420289887,-1.0598511964328015,1.2033591910622685,0.8733098103326796,0.029506446752225905,-0.07152920966497371,-0.45902051589833454,0.22152017924213624,0.15151605226951279,0.5100002288817084,0.29310361837233156,0.1538462423644796,1.0908571404209788,1.0863487127249158,1.008100035003043,0.9791157775977984,0.7700648903647302,0.11741306964939419,-0.02254540602303083,0.29018927316754894,-0.09005685736100282,-0.09107399889649982,0.1325224353119429,0.17482541525087333,0.27986551329827924,0.27949598986959545,0.2645983444726426,-0.010936421473720759,-0.014640799894066525,-0.015478820092546752,-0.07466024341976907,-0.13093089498184007,0.9562823879916026,0.6452594150713769,0.7728998423434547,1.1231361549341667,1.0484052074587833,2.4317845450715834,0.6462103137630106,1.531349104717559,0.9133200472280204,1.727289661683377,53.54692423850288,-0.6701243273396713,-0.879357074795939,0.20923274745626774,59.64397442216646,56.115025593092334,0.060970617033818446,0.5001419857610885,1.1678570338657923,0.02017721168476477,1160819111.0,-0.09256223801136543,27.66540645887132,39.540706037088675,3.914807302436614,2026-04-23 01:30:00,0.025742878995735463,0.004954372679858467,59.369998931884766
603259,药明康德,100.07999801635742,0.4537796000010916,0.8487390647886647,0.43277309577447504,-0.2899173267595295,0.09244079999739666,0.24369532394500437,0.4537796000010916,0.02406711768739367,100.19000244140625,99.91999816894531,0.11344730422401315,0.11344730422401315,0.44117826197044463,0.014729394252084749,0.007847499200087649,0.009471057344143663,0.01664129212443677,0.0043103477943853274,-0.05176983750819908,-0.052218301871854056,-0.05650249422784115,0.002000245843681414,-0.03487135345653247,0.0656243992622485,0.0716654693628267,0.07858761007346193,0.003405147445978862,0.05909095198150949,0.00733966784288409,-0.03487135345653247,99.4280014038086,102.82200164794922,101.64400100708008,98.35600077311197,97.58250020345052,100.4019989013672,103.59300003051757,101.42199974060058,98.14899978637695,97.625,101.26399993896484,104.41900024414062,103.02000045776367,99.70966669718425,99.06333325703939,98.44199981689454,101.77800064086914,99.9470001220703,96.8423334757487,96.24733352661133,99.71133371988932,103.006334177653,101.53700052897135,98.30266698201497,97.63105566236709,0.6113263912736339,3.6171501667250716,3.796793038842337,5.731371044387756,4.705470270830303,2.6486079570425365,3.856859722671578,4.336655589401983,5.932858171846486,4.8130894839604546,0.028717461935903785,0.02036864379003034,0.023385936583722223,0.02431258341685071,0.02120939786185356,105.06999969482422,97.61000061035156,108.75,97.61000061035156,108.75,93.80999755859375,108.75,87.08999633789062,108.75,87.08999633789062,0.7620010375976562,-2.6319992065429716,-1.4539985656738281,1.8340016682942775,2.607502237955728,-0.4820007324218807,-3.67300186157226,-1.5020015716552706,1.770998382568365,2.2949981689453125,0.019705790629419594,0.01507745776611038,0.006027041456729759,0.006662152951304186,0.009129098449582675,1.2464716859497285,-0.7276444397455656,-0.3829543909290292,0.3199935328022148,0.5541427504322681,-0.2860156960824317,-0.07472718691926948,-0.4352887987246664,-0.2523170950437356,-0.12037088594605955,0.34584479191483986,0.23159802265804946,0.42704175637414055,0.6048016569097509,0.6048016569097509,0.8578759944601282,0.9695818874689632,0.8496186377500962,0.9028061438165023,0.9603991026997603,-0.8088981968445549,-0.7054026331019383,-0.11184725787845576,0.04102175986309776,0.14465622656012544,0.4558755754041895,0.32334219607248244,0.37124023426113867,0.38595029670299996,0.3366887531993375,-0.05176983750819908,-0.05650249422784115,0.0656243992622485,0.07858761007346193,0.00733966784288409,-1.8093509787057398,3.2007010354756695,-2.398170405253907,6.395369738213541,-0.4769214696972963,2.889572409592892,0.29288276085094456,2.2149863842375423,0.40309235572349644,1.7578979752908537,43.16317780366836,1.1194385741271589,1.8486486120385337,-0.7292100379113748,109.23758708476475,94.0504149293954,0.14941533199102752,0.4042614022676909,3.147143772670201,0.03141175462602371,3097507545.0,-0.0024327509382128243,24.72622114012915,37.316276639600595,-0.45388985881373856,2026-04-23 01:30:00,0.09342250107065864,0.004035924791007665,109.55000305175781
300750,宁德时代,439.3000030517578,0.011628608434909312,0.30116215113284056,0.45348734053684336,0.15697734248858203,-0.09302531892619702,-0.9767427831300651,0.45348734053684336,0.019770128973596757,443.5,438.8999938964844,0.5348840510281311,-0.5348840510281311,-0.5418605063784612,-0.009755106603744457,0.004317399155233881,0.005843904565831171,-0.00395560908346082,0.030819565300284957,-0.017953538597076157,0.04377930937381036,0.14318178187040376,0.15362380756277494,0.0988870978056986,0.12070953951700436,0.10897334716464857,0.12356221535707745,0.23096100099859185,0.2814505875861091,0.2752558403403407,0.1556872610126534,435.79331665039064,430.4311126708984,411.7427352905273,406.353672281901,378.1453857421875,441.6940002441406,432.18500061035155,417.3010009765625,412.9743326822917,384.317665608724,447.4480041503906,442.15199890136716,424.8579986572266,420.2063313802083,390.612831624349,432.0500061035156,424.3420013427734,408.9515014648438,404.7236673990885,377.2933349609375,438.4304423014323,432.30837097167966,415.1840784708659,410.4278903537326,382.01718410915794,5.832042202816359,11.377584820445346,21.983750558279134,19.651282769866384,33.03768711550025,9.05045941979048,17.24256258807798,20.217171881738025,17.995604445550327,32.62772988634745,0.024743504150769424,0.03101144028001394,0.027011065253180616,0.02414443778332895,0.022985644792142754,457.6400146484375,425.1000061035156,460.0,392.67999267578125,460.0,381.489990234375,460.0,381.489990234375,460.0,333.010009765625,3.1066772460937386,8.46888122558596,27.157258605957054,32.54632161458335,60.754608154296875,1.805999755859375,11.314999389648449,26.198999023437523,30.525667317708326,59.182334391276015,0.009217445226568977,-0.008051626474952101,-0.0002118876538535928,0.001675123357774303,0.0015269004588716979,0.532691146266561,0.7443478874678892,1.2353332764562475,1.6561932366312893,1.8389485904959393,-1.0471958371355397,-1.1719839985627636,-0.05508157265447631,-0.044449978793373514,0.06036606726351305,0.4240929369737957,0.686571541772167,0.7312443831492831,0.7312443831492831,0.8338451238198074,0.7746348516125405,0.760641204297962,0.9801663680401376,0.9857014324401525,1.0191944497784866,0.0027287201455401745,0.6574297032571601,0.5237966700360241,0.5537363430587424,0.40452752447045237,0.3927909512833821,0.4922913526730888,0.428787367841123,0.3832810675209601,0.36488579906686003,-0.017953538597076157,0.14318178187040376,0.12070953951700436,0.12356221535707745,0.2752558403403407,1.059958795177077,0.4864369118811685,0.43743251225716306,-0.8098749105166021,0.595603651678694,0.054715711291157085,0.7234434898344798,0.4348812721694508,0.6556504112244833,0.4866013852839234,66.90095125517428,15.344615145720866,13.169232978568566,2.1753821671523,455.7102364070856,367.77523417396907,0.21356782936575433,0.8088333191140669,18.680589948381698,0.04256229256815054,728232394.0,-0.054876958831405975,62.3696533665543,63.77598323671748,59.55699362622795,2026-04-23 01:30:00,-0.006607413845552079,0.0030770332971579825,436.0
600585,海螺水泥,21.704999923706055,0.14815128781080777,-0.7037044886168995,0.29629551137939686,0.8518487121854886,-0.4074089772375027,-0.8888935983804093,0.29629551137939686,0.012517406656591179,21.799999237060547,21.649999618530273,0.5555532008060917,-0.5555532008060917,-0.8518557764277073,-0.00997277056575363,-0.009641918512429237,-0.006880716687148847,-0.01724925357562923,-0.01947465156981787,-0.026966309279538248,-0.04457194332228487,-0.052930925613071556,-0.05499782790370311,-0.07121406629963634,-0.07240790587013912,-0.12982313710563664,-0.14964648872536668,-0.17930249024689027,-0.11161268473672681,-0.08223825864811596,-0.07201030050020274,21.955999755859374,22.27299976348877,22.682499980926515,23.2146666208903,24.012999947865804,22.072000122070314,22.393000221252443,22.756500053405762,23.321333376566567,24.020666726430257,22.113999938964845,22.46599998474121,22.905999851226806,23.504333178202312,24.35116653442383,21.870000076293945,22.188000106811522,22.513999938964844,23.019666608174642,23.719499905904133,21.979999923706053,22.3089999516805,22.70083325703939,23.24622213575575,24.02788879606459,0.22832005587100523,0.39463208044025205,0.5202620088099262,1.0372834033275715,1.2026119777580024,0.1657411830866145,0.36923511244407353,0.4852808869254959,1.0617478279069688,1.1467313861757915,0.003696129996347859,0.004337349640017746,0.009866993414145769,0.013070625753782787,0.01941870148241398,22.31999969482422,21.56999969482422,23.06999969482422,21.56999969482422,23.59000015258789,21.56999969482422,25.969999313354492,21.56999969482422,26.93000030517578,21.56999969482422,-0.30600013732910014,-0.6230001449584961,-1.0325003623962417,-1.564667002360025,-2.363000329335531,-0.27200088500976705,-0.593000984191896,-0.9565008163452156,-1.5213341395060205,-2.22066748936971,-0.0014338172278258506,-0.0014656754600842923,-0.003175781235274239,-0.001575045226368377,-0.005635921671046285,-1.3402245201825014,-1.5786860111876806,-1.9845776645426234,-1.5084276846029885,-1.9648900668184301,-0.7066731080618112,-0.20143820229210244,0.10537413440722668,-0.05910972089448155,-0.6117841090631152,0.10666656494126403,0.05333328247066756,0.03960391365187235,0.018181802418600842,0.014925357200806842,0.8854279227654439,0.9290572477335683,1.0369146580697193,0.9828228712445659,0.7052653041529159,-0.8252920435929914,-0.7490863738012126,0.017266106831239376,-0.12027773078549364,0.3920311233779533,0.05867424470221506,0.06885329097973489,0.1566336645704511,0.2074897513470325,0.3082623294376122,-0.026966309279538248,-0.052930925613071556,-0.07240790587013912,-0.14964648872536668,-0.08223825864811596,-0.22280980931020322,-1.2269961526976563,-0.5455672297224187,-0.6622223614354787,0.9123892703226585,0.8842122873039977,-0.23151374958310042,1.1234892385470474,0.5429839299199792,0.7640180663475059,18.518533053901052,-0.5704603163115038,-0.5064083180221065,-0.06405199828939734,23.723023998546367,21.641975963306663,0.09174685493175551,0.0038555838633883796,0.341428347996303,0.015770362771926248,-20499278.0,-1.1596671161415346,7.2443101272987915,11.431224984344034,-1.1295195867916945,2026-04-23 01:30:00,-0.024018497317598198,0.0029285607050637463,21.1299991607666
000001,平安银行,10.980000019073486,0.29999904631722657,-0.5000047683938669,0.49999523159613296,0.49999523159613296,0.40000190735554675,-0.8000133515088275,0.29999904631722657,0.009149078225281215,11.0,10.979999542236328,0.20000572207664036,0.20000572207664036,-1.0000095367877337,-0.005410317294062272,-0.0018264387614357336,0.001821535391393958,-0.0072202097704795465,-0.005424992526246064,-0.008115432944055367,-0.006323369173799276,-0.009009043066040445,-0.010791356726084111,-0.013452881045931897,0.005484499261251052,0.0036496315432303916,0.01010097825613876,0.012891376404112087,0.01476013331733328,-0.014336904085998858,-0.04844294111498548,11.026000022888184,11.076000022888184,11.08400001525879,11.012666670481364,10.966499996185302,11.039999961853027,11.07799997329712,11.074999904632568,11.001666641235351,10.962999963760376,11.091999816894532,11.129999923706055,11.151999998092652,11.083666674296062,11.036166636149089,10.97199993133545,11.024999809265136,11.01449990272522,10.935666624704997,10.896833356221517,11.029999923706054,11.076999918619792,11.083499972025553,11.010666656494141,10.966499996185302,0.04219020942312016,0.07214189753107293,0.08677872890648454,0.15364391143018175,0.1379612506252457,0.04636822822333521,0.06562520202990292,0.09406045323501117,0.15387138583548948,0.13983394090847404,0.006076330792900404,0.00637645896235661,0.00830147193902541,0.012081239824769158,0.009759563340651062,11.15999984741211,10.930000305175781,11.229999542236328,10.930000305175781,11.319999694824219,10.829999923706055,11.319999694824219,10.430000305175781,11.319999694824219,10.430000305175781,-0.026000022888183594,-0.0760000228881843,-0.08400001525878942,-0.01266667048136405,0.033500003814697976,-0.06000041961669922,-0.09800043106079137,-0.09500036239623988,-0.021667098999023082,0.016999578475951793,0.003435105844687292,0.0027077837581629405,0.0015153088150870798,0.001416366157755189,0.0020155811543196124,-0.6162572607027489,-1.0534796766940615,-0.9679793230014059,-0.08244173402886548,0.24282183339620253,-0.8740447841818292,0.18208729247685856,-0.3947618495065762,-0.558261913706994,-0.6528280456487556,0.30434710496940304,0.23333290947622592,0.34693909326868366,0.6404495345201713,0.6404495345201713,0.8885826485400763,1.0427819095998756,0.8894353599371397,0.80478050373766,0.7723893531863799,-0.26281701300967547,-0.19401017208179538,0.4672319875429088,-0.018353080272139617,-0.07300265341872901,0.09645876097067033,0.10122314795762737,0.13178178159865434,0.19178373663401246,0.15492826502367277,-0.008115432944055367,-0.009009043066040445,0.005484499261251052,0.01010097825613876,-0.014336904085998858,-0.4996233908282356,-2.761734468856064,-0.25458362799804607,-0.8617694764149509,0.07771625314184388,-0.6900091783525745,0.8352702865564683,4.2154113707484,0.8562647642092402,5.243794880533726,37.83784480355603,0.017933090213691827,0.035412171644539324,-0.017479081430847497,11.257557473071758,10.91044255744582,0.03131675524612506,0.25800516924611594,0.1257143701825823,0.011428579107506442,2564459474.0,0.02083752391204885,28.119212020941713,35.81464969221429,12.728336678396559,2026-04-23 01:30:00,0.044545433738014895,0.0023648504695823066,11.489999771118164
000333,美的集团,79.44000244140625,0.2112700271863203,0.4577481436903751,0.3943649864064877,0.40140875339802595,0.5774599456266551,0.07042692427542563,0.2112700271863203,0.018036302659693026,79.8499984741211,79.29000091552734,0.3943649864064877,0.3943649864064877,-0.14084310291089466,0.0065302560642575,-0.0017750651042611754,0.006935629271089816,0.004402496529825051,0.0033927700031926022,0.02503205276054299,0.05370809923971853,0.0435180603390215,0.045841520235083255,0.0391723357585092,0.06751330503113673,0.03620556714144607,0.031787041011421824,0.0018820769337835053,0.024900458488300803,0.010759474355963139,0.07709935133833423,79.3760009765625,78.1010009765625,76.9245002746582,76.55233383178711,77.24666659037273,79.02400054931641,77.80499954223633,76.72949981689453,76.45799992879232,77.23749987284343,79.8020004272461,78.50900039672851,77.5229995727539,77.12799987792968,77.90033302307128,78.53800048828126,77.34300003051757,76.17399978637695,75.86366653442383,76.6216667175293,79.23866729736328,77.98433380126953,76.87383321126302,76.51466674804688,77.25622211032444,0.4512528728734925,1.4910281644281342,1.9224783617194225,1.8101374716757592,1.8011725243369383,0.6939232788335274,1.4444940990699207,1.8257009687156873,1.7030650641948861,1.8080672724227498,0.006408637161710505,0.007116897258272997,0.01715161521211862,0.015466578405327532,0.013542412423358505,80.1500015258789,77.83999633789062,80.1500015258789,75.5,80.1500015258789,71.7699966430664,80.1500015258789,71.7699966430664,81.16000366210938,71.7699966430664,0.47399749755859943,1.748997497558591,2.9254981994628935,3.2976646423339844,2.6033318837483677,0.2660003662109318,1.4850013732910128,2.5605010986328125,2.832000986735025,2.0525010426839145,0.0019622464492098143,0.002644028805638998,0.0035260334045850105,0.005777792045864631,0.006668056121844995,1.0504032795164784,1.17301439321116,1.521732705924903,1.8217758009723455,1.4453539839029474,1.0566169273845767,1.111830916709911,0.16469975230910885,0.3114529959841746,0.03851712219307118,0.8701288406975627,0.9354832358464562,0.9642001340149471,0.9642001340149471,0.8604894346370087,1.1560571340416599,1.2034499386481898,1.0705811594730965,1.128401892910939,1.0151323708362097,0.5446413524041612,0.6308333971054296,0.30240423222029356,0.04485434872654754,-0.009316844661988342,0.10173396103639697,0.11297724151072665,0.2722734506060293,0.24552432056147164,0.214979132544469,0.02503205276054299,0.0435180603390215,0.06751330503113673,0.031787041011421824,0.010759474355963139,-0.32258263204051996,-2.730651411379193,-0.5053902637501076,-1.102008337887609,1.2158882498745827,6.4862604505133215,1.236718616564787,6.7282696951452605,1.2916944935558068,5.757103439656109,66.6666324846773,0.805532740958057,0.3667573647814656,0.43877537617659146,80.76945699809704,73.07954355121936,0.099967025062507,0.8804331764813096,1.1542854309082031,0.01445567254810012,1206982015.0,0.03533310252809785,86.68375553086719,81.74792529815491,96.55541599629174,2026-04-23 01:30:00,0.01565435220897493,0.002303548870445054,81.0999984741211
000858,五粮液,101.43000030517578,0.6436777073299642,0.7471258319955717,0.04597791867263851,0.04597791867263851,-0.28735541466050324,-0.149426043338246,0.6436777073299642,0.01730315767111268,101.18000030517578,100.63999938964844,0.3103443739968225,0.3103443739968225,-0.206896249331215,0.012069659661682941,0.0009954058832610801,0.005365668907018062,0.0,-0.0016773376566820986,-0.02184843467603992,-0.01210698970843671,-0.013840138304714311,-0.02232097406779876,-0.030750063255493898,-0.01239625847629855,-0.02448901740873044,-0.009786650978795719,-0.037938555987801714,-0.056860538250661175,-0.0355543153820399,-0.13929918043080525,101.24199981689453,102.07900009155273,102.71149978637695,102.71499964396159,103.57149963378906,101.25200042724609,101.93300018310546,102.63199996948242,102.62300008138021,103.52316678365072,101.88000030517578,102.61899948120117,103.44300003051758,103.45400009155273,104.61150016784669,100.85399932861328,101.5129997253418,102.04049987792969,102.01666666666667,102.75483309427896,101.32533315022786,102.07033309936523,102.7316665649414,102.72855546739366,103.64594429863824,0.436944242434694,1.0242343417422377,1.2005496237128137,1.2394989150721158,2.2315085137839588,0.45400459616873345,0.9015548381447064,1.3540958147429214,1.3125214505938199,2.2671080689963303,0.0074545771627708415,0.006686088693630903,0.008908914379011038,0.009704089460238485,0.01752710288793327,102.30000305175781,100.45999908447266,104.0,100.45999908447266,105.80000305175781,100.41000366210938,105.81999969482422,100.04000091552734,110.77999877929688,100.04000091552734,-0.06199951171875284,-0.8989997863769474,-1.5314994812011662,-1.5349993387858092,-2.3914993286132784,-0.6120010375976506,-1.2930007934570256,-1.9920005798339844,-1.9830006917317746,-2.8831673940022853,0.009751702240566495,0.006738175588531614,0.005951382588020438,0.005647811902269806,0.005822129082909002,-0.14189341727709673,-0.8777286112540005,-1.2756652877567716,-1.2384031322006137,-1.0716962601038669,1.084362776960153,1.7506549196098773,1.8311219796756815,1.3647523797565129,-0.14100010554978779,0.3913041675475642,0.20339012273833412,0.14285653622615463,0.19723176996707234,0.10614521567960662,1.223655241035075,1.3566806515054046,1.4381261794653557,1.360823041264277,0.8927813073212539,-0.5832343060711304,-0.6033219446990237,-0.05873621727480513,-0.20491527748614496,0.5025334551912558,0.11833774381099867,0.10613836756240859,0.14142463139058384,0.1540476444726843,0.27823413266948055,-0.02184843467603992,-0.013840138304714311,-0.01239625847629855,-0.009786650978795719,-0.0355543153820399,-0.3468355201872622,1.3724679210613289,-0.8048002987233481,0.6602099704921388,-0.26822357014439346,-0.9272325992944502,-0.36441791875690305,-0.7294162156289468,2.8147880762552386,18.734128601396698,30.93814791714216,-0.5616531445862165,-0.3586569727258407,-0.20299617186037583,105.11259903380258,100.31040053895131,0.04675424372966032,0.1810836780605046,1.3135713849748885,0.012982520073264725,-473944760.0,0.08295213259578982,18.114865519262747,25.314392399835125,3.7158117581179866,2026-04-23 01:30:00,-0.040521827058260684,0.002149120201708582,97.08000183105469
300059,东方财富,20.010000228881836,0.295453560250059,0.11363498435076434,0.22726996870152869,0.15909071204978453,-0.54546006259467,0.4090928794976094,0.22726996870152869,0.022233380816204962,20.100000381469727,19.889999389648438,0.4772764710461397,-0.4772764710461397,0.7272743035971785,-0.0063851210323214724,-0.0015135610372742914,-0.014370709174516882,-0.0025075798931789572,-0.007980042568598411,-0.00352928068378644,-0.0010393777604580379,0.054839134849039795,0.08166681499525241,0.041646738898085234,0.004482566768436946,-0.07070189664149973,-0.0689705077380236,-0.12096737280624081,-0.11941844953089242,-0.14721840003886055,-0.22821614413437752,20.000109100341795,19.933510971069335,19.39970808029175,19.81746940612793,21.079519844055177,20.000000381469725,19.916000366210938,19.479000186920167,19.932000160217285,21.21133346557617,20.221999740600587,20.2689998626709,19.75300006866455,20.195999908447266,21.44749994277954,19.829999923706055,19.736999893188475,19.266999912261962,19.71533317565918,21.008833249409992,20.017369588216148,19.97983690897624,19.473236020406087,19.909600830078126,21.178617678748235,0.11633445116314925,0.1483283879190578,0.6009152145067878,0.8872165390676061,1.4985863070891885,0.09513125938884315,0.32115101031960713,0.5505683281129458,0.8864162492727472,1.513508051269083,0.010129043554245792,0.01660808555422446,0.022256606155197294,0.021635264279354544,0.017382234903334168,20.360000610351562,19.790000915527344,20.459999084472656,19.219999313354492,20.459999084472656,18.350000381469727,22.06999969482422,18.350000381469727,23.729999542236328,18.350000381469727,-0.11010971069335795,-0.04351158142089773,0.49029130935668874,0.0725299835205071,-1.1895204544067397,0.10000000000000142,0.18400001525878906,0.6210001945495591,0.1680002212524414,-1.1113330841064446,-0.01370495009140571,-0.019846163790315296,-0.01482723160332904,-0.012217395716246379,-0.011868576398355332,-0.9464927164008525,-0.29334628408655306,0.8159076314256555,0.08175003544979964,-0.7937617264877034,0.23766705767190294,-0.3696423143467413,-0.05272719386992454,-0.0910713565644747,-0.06123808543854962,0.17543601343814172,0.540322741906021,0.7298577984840793,0.413978304417914,0.2862452134581725,1.0424951812075542,0.8391103697323246,0.9763223074477662,0.9595916574419434,0.9768219870014305,0.8197923200151173,0.803658960758545,0.7311299942174706,0.4481567189685876,0.4114320948115376,0.16079358158085688,0.26364518477617355,0.35331266948976886,0.34344917299398714,0.27593442470837437,-0.00352928068378644,0.054839134849039795,0.004482566768436946,-0.0689705077380236,-0.14721840003886055,-0.1618861137630851,-0.4850903407677549,1.0521520881157027,2.1946224316843868,0.7939873829687121,1.361930670394008,0.3011857013545198,1.6486023723419834,0.2894106317131525,2.489368610256584,64.20065442038296,-0.14224557078897604,-0.32459802699983337,0.18235245621085733,20.601538509305325,18.197877651278173,0.1239019086307241,0.7039769078564603,0.5826710292271206,0.029294673057171483,17798309821.0,-0.006870583061650115,63.44581829092224,66.64586734546347,57.04572018183978,2026-04-23 01:30:00,0.02363002690426086,0.00175134447784065,20.360000610351562
601688,华泰证券,19.234999656677246,0.3555561206965383,0.17777806034826915,0.15555527298432345,-0.2444464224401063,-0.6888894540291309,0.37777466949718747,0.15555527298432345,0.02367169122418611,19.299999237060547,19.079999923706055,0.48888860631691605,-0.48888860631691605,1.066668362089615,-0.014184432112060108,0.008488055393855332,-0.015479837463970303,0.006329158493033615,0.005798661799324645,0.003682256390395322,0.007391731029610771,0.06413829330489795,0.07979625587572947,0.048351600213036194,0.007391731029610771,-0.032944735611311504,-0.04312941761875466,-0.12235510006517802,-0.12356456028912499,-0.179707663974375,-0.11876491256507349,19.091999435424803,18.992999839782716,18.51399984359741,18.752666600545247,20.319499969482422,19.03599967956543,18.907999992370605,18.527500057220458,18.788000043233236,20.38616663614909,19.31999969482422,19.25199966430664,18.7794997215271,19.030666478474934,20.627499930063884,18.87800064086914,18.761000442504884,18.334000396728516,18.579666964213054,20.12916679382324,19.09666659037272,19.00199998219808,18.54249998728434,18.78766668107774,20.35872223112318,0.17020571457911948,0.17049257505856,0.5546492311267469,0.6448786464107823,1.8126929145168242,0.16333992759244872,0.2816140903862308,0.48701956664070073,0.6200020842554766,1.8266111961631912,0.01382730572187036,0.016694867124083503,0.020218616791131662,0.019802115834925443,0.017670862720709665,19.739999771118164,18.790000915527344,19.739999771118164,18.270000457763672,19.739999771118164,17.540000915527344,20.3700008392334,17.540000915527344,23.690000534057617,17.540000915527344,-0.011999511718748579,0.08700008392333913,0.566000080108644,0.32733332316080777,-1.2395000457763672,0.2639995574951186,0.3919992446899414,0.7724991798400893,0.511999193827311,-1.0861673990885414,-0.016291288064582576,-0.0218389620408604,-0.016040651010413104,-0.014200193298200783,-0.012337096757451534,-0.07050005194214647,0.5102866438198054,1.0204649142987503,0.5075890246671179,-0.6837893146981676,-0.242889655223821,-0.5276186487142716,-0.2131209016628336,-0.11562494737192129,-0.20507874040069518,0.3052624816037809,0.5510203022431612,0.6999999133019715,0.5441692755105964,0.2504063583253505,0.8929613265320362,0.7841149431181278,0.9095482981190802,0.9529430310115345,0.9095437403117123,0.8923829594054178,0.8787116944955191,0.6557800592008597,0.4403233120453586,0.26226589942970446,0.21950167345277655,0.26502279948955837,0.32096059129829485,0.3143488435926413,0.28051624926575996,0.003682256390395322,0.06413829330489795,0.007391731029610771,-0.04312941761875466,-0.179707663974375,0.8169440993929881,1.5479007067964592,1.3179443854622765,2.239990127304566,0.6945239987655937,0.12349827939745804,0.4314823677262143,0.2123377296330285,0.3917013282854213,0.5165970967658265,70.35931289659393,-0.12664167775853485,-0.3278368668151958,0.20119518905666095,19.623298305850906,17.404701381343916,0.11983347430318332,0.7551162285748069,0.5057134628295898,0.02650489857713452,1385370527.0,0.017112909940390386,67.83295695679253,73.27549862818269,56.947873614012195,2026-04-23 01:30:00,0.003668747122857585,0.001653648821997801,19.149999618530273
000651,格力电器,36.93000030517578,0.4000050862099479,0.46667260057827253,0.5666675143666581,0.43333248563000876,0.19998982757677095,1.0666420833085855,0.4000050862099479,0.008156690095532992,36.959999084472656,36.95000076293945,0.03332739942006083,0.03332739942006083,0.09999491378838547,0.003518296764032147,0.004643489923822797,0.0005414309287279373,0.0013546257726158029,0.0005414309287279373,-0.00964631868422794,-0.005382151877306396,-0.00964631868422794,-0.01361094527930462,-0.027880098909219386,-0.030684551556987683,-0.052793473837111304,-0.0222222267074631,-0.03975065022795521,-0.036496389562129194,-0.0821832175568169,-0.0645067352944414,36.939999389648435,37.11899948120117,37.41349983215332,37.69799982706706,38.00886605580648,37.00400009155273,37.152000427246094,37.45250015258789,37.70766690572103,38.06283327738444,37.09800033569336,37.25399971008301,37.61149940490723,37.90999959309896,38.27466659545898,36.8,36.97299995422363,37.24750022888183,37.4836669921875,37.836833508809406,36.94599990844726,37.115333048502606,37.42416648864746,37.69722213745117,38.040122053358296,0.018708205394040108,0.19773447086025833,0.3742963145906279,0.6262830565488593,0.7780213504096479,0.13992848449883957,0.18819647231156567,0.37388247019489274,0.58793418077336,0.9211470357914561,0.004510586082193122,0.0038999860699662535,0.005919412704831877,0.0101089438515054,0.00917050264003045,37.25,36.61000061035156,37.52000045776367,36.61000061035156,38.369998931884766,36.61000061035156,39.20000076293945,36.61000061035156,41.34000015258789,36.599998474121094,0.019999694824221592,-0.15900039672851562,-0.45350074768066406,-0.7380007425944015,-1.0488669713338226,-0.05399932861327983,-0.20199966430664062,-0.5024993896484347,-0.7576661427815736,-1.1128325144449889,0.0024699968071623113,0.0015034036527701966,0.0020818196694156075,0.0012405794191236255,0.0019281768848711319,1.0690333146290922,-0.8041106643468314,-1.2116089044997713,-1.178382098758963,-1.3481210647756896,-0.7884480510391783,-0.21956703110669681,-0.09296561852516803,-0.5387388104100945,-0.7659368763141343,0.54687313735222,0.3846137723166081,0.19886295903736861,0.13513453803129905,0.07594946896051152,0.8104703957330404,0.9426615784063878,0.9783212049248807,0.7891381772825456,0.6464572089867797,-0.9460520283260286,-0.6857262650526754,0.005096805962229915,0.05276176145967147,-0.16368768593782837,0.07160333424379288,0.061910359546481136,0.09396776354724799,0.16047450869159247,0.1455772162978911,-0.00964631868422794,-0.00964631868422794,-0.030684551556987683,-0.0222222267074631,-0.0821832175568169,-2.123222727939832,4.591095651085936,-1.4738247442704495,2.461399355460828,0.22537026796864734,0.626292559091554,-0.7313829367741985,3.022309170798732,-0.45492840402236684,2.066430193723971,31.68720016056895,-0.2841413398732868,-0.25073343474008986,-0.03340790513319697,38.162092461334574,36.66490720297207,0.040017246851516926,0.1970977738741152,0.3592853546142578,0.009720924337500544,41195654.0,-0.5396799320621051,27.809042188112443,23.4894833562813,36.448159851774726,2026-04-23 01:30:00,0.08360390230328862,0.0015935942021795206,40.04999923706055
002352,顺丰控股,36.8700008392334,0.47619004368602624,0.5238099563115929,0.09523982525113336,0.33333030580932616,-0.8095203494953523,-0.47619004368602624,0.09523982525113336,0.011456682634743975,36.880001068115234,36.70000076293945,0.42857013106045955,-0.42857013106045955,-0.14285973787670003,-0.0010775081352635274,-0.0005452687458361583,-0.002717349896583343,-0.004610745155142926,0.001091132452095911,-0.022896714028426857,-0.007303230966962282,-0.022115588685158283,-0.024195688185169706,-0.036492501551066536,0.007411486563323244,-0.011314606170005792,-0.01661304761400495,-0.02393611031130971,-0.025749866024828094,-0.07788941039060293,-0.07973922316963644,36.74599990844727,37.045000076293945,37.30550003051758,37.15333340962728,37.554500071207684,36.85800018310547,37.15299987792969,37.3329999923706,37.22266667683919,37.618333371480304,37.1,37.38399963378906,37.643499565124515,37.51033312479655,37.90066655476888,36.61800003051758,36.878000259399414,37.06500015258789,36.91933352152507,37.30650011698405,36.82133331298828,37.102333323160806,37.33799991607666,37.19433335198297,37.58722224765354,0.08648632634289095,0.3707724680589732,0.5283887356436605,0.6854669026431124,0.8748356314639981,0.31419794649153354,0.421506670406866,0.620390818773849,0.7092048771454289,0.9224746863146576,0.01077732366560465,0.009739656913092597,0.011921577376077403,0.014121600589107277,0.012898548174651886,37.36000061035156,36.5,38.22999954223633,36.5,38.65999984741211,36.27000045776367,38.65999984741211,35.11000061035156,40.08000183105469,35.11000061035156,-0.04599914550781392,-0.3449993133544922,-0.605499267578125,-0.45333264668782647,-0.8544993082682311,0.022000885009767046,-0.2729988098144531,-0.45299892425536825,-0.342665608723955,-0.7383323033650697,0.0018575045254729302,-0.0005264213142500917,-0.00315370765147856,-0.002255780867160103,-0.0014487294665680495,-0.5318661047633122,-0.9304879490099786,-1.1459352305067325,-0.6613487025254555,-0.9767541210424731,-0.43983598148739494,-0.6067397700926022,-0.5872073996984565,-0.6448819702768838,-0.9970210262750885,0.23255886162390232,0.11560740801168155,0.1799164916267419,0.4478874631826645,0.3199194692275402,0.8540312196902216,0.8321902800741696,0.7375770471140397,0.7198027981049894,0.6064782428792704,-0.8735509020883179,-0.36155560589698493,0.6099160199421566,0.418708227618352,0.3208852517423102,0.17108470930824565,0.15461226028280425,0.1892491738362885,0.22417345963776644,0.20475810446349008,-0.022896714028426857,-0.022115588685158283,0.007411486563323244,-0.01661304761400495,-0.07788941039060293,-1.6605657581750204,3.5046881087004635,-0.7478005596638597,1.668319026060608,0.8657119788288138,2.942391034711739,-0.2669939460863315,2.0447048575901827,-0.06165678490533177,1.0737365659118183,31.632644124125676,-0.14376346086227443,-0.07155684457032288,-0.07220661629195155,38.3622775018049,36.24872255923026,0.05665531733512747,0.21351619237267305,0.5649994441441127,0.01539507990186876,-220741962.0,0.38152761537065927,18.324478172382673,25.456334244920736,4.060766027306549,2026-04-23 01:30:00,0.010899119969108195,0.0013775755662813042,37.099998474121094
600887,伊利股份,25.27999973297119,0.4333352406732458,-0.4999968210960719,0.46666920978692034,0.5333371480142693,-0.06666158042282612,-0.9333257039647948,0.46666920978692034,0.011937968739630378,25.299999237060547,25.270000457763672,0.09999554953650062,-0.09999554953650062,-0.9666596730784693,-0.0058639413204713,-0.005933604501765166,-0.0007908444855528884,-0.01134581432856141,-0.009408066207950982,-0.012890621827682525,-0.02657930088763716,-0.03254212688205538,-0.03952865941806505,-0.04025824037272474,-0.023570275223488868,-0.052848569388455946,-0.044251136636206057,-0.03916345282038858,-0.049999996414758274,-0.07027225261099046,-0.05806275752845491,25.404000091552735,25.63999996185303,25.961000061035158,26.097666676839193,26.28866672515869,25.463999938964843,25.73400001525879,25.986999797821046,26.13999989827474,26.326000022888184,25.57400016784668,25.848999977111816,26.15049991607666,26.30799986521403,26.509499963124593,25.286000061035157,25.55,25.816999912261963,25.945999908447266,26.12066666285197,25.421333440144856,25.679666646321618,25.97616662979126,26.11722215016683,26.306277783711753,0.12915065579355356,0.30261784075461295,0.4043955025069236,0.47324028820091385,0.47873579613238126,0.13277818346935755,0.32677552740969346,0.39077642637561555,0.46026225270904825,0.4871334227103994,0.0065678740265957165,0.005699983948571093,0.006214042219929601,0.008788943537679493,0.009214656380698679,25.690000534057617,25.1299991607666,26.479999542236328,25.1299991607666,26.729999542236328,25.1299991607666,27.049999237060547,25.1299991607666,27.479999542236328,25.1299991607666,-0.1339996337890632,-0.3699995040893569,-0.6909996032714858,-0.8276662190755211,-1.0186662673950195,-0.16400070190429616,-0.4340007781982429,-0.6870005607604988,-0.8400006612141944,-1.0260007858276374,0.0017833640720894108,0.0024973502857219,0.0003826833281648013,0.000678923991191708,0.00038095880676192184,-1.0375451287078492,-1.2226625606920505,-1.7087222755597946,-1.7489343990983013,-2.127825568136976,-0.11478284387807991,0.2538624701148739,0.7949558844370855,0.34650626300974935,-0.3303128081710668,0.25000170298522806,0.10370463513836133,0.08750078976130028,0.0729173392884614,0.05957501032806291,0.9816156642951253,1.061421289807713,1.215055213649238,1.1007999854045227,0.8605641801753597,-0.9428072632420971,-0.8024114560291061,-0.20450222863784337,-0.33744911434143104,-0.02176401666983349,0.10426176790063614,0.09048444002987455,0.09864486210233676,0.1395201533261291,0.14627813520145935,-0.012890621827682525,-0.03254212688205538,-0.023570275223488868,-0.044251136636206057,-0.07027225261099046,-0.29454282001134363,-2.3901047767093773,-0.21265180312841542,-1.4903744010811655,-0.3245937372104393,-0.674554434987412,-1.7764481538108159,5.411440385134527,-0.18390653875219481,2.9063237297103823,18.81721863526367,-0.2662085505363976,-0.19342672773440395,-0.07278182280199363,26.769791066049006,25.15220905602131,0.06230815477927069,0.07281943110895057,0.3071428026471819,0.01215444388932754,-34614243.0,-2.1956274827558526,11.940375823572587,14.907664908514237,6.005797653689289,2026-04-23 01:30:00,0.0866639725776559,0.0011267899308813783,27.459999084472656
600276,恒瑞医药,56.994998931884766,0.8082887626542938,1.2227980503533624,0.0,-0.3056995125883406,-0.6165775253091058,0.0,0.8082887626542938,0.034445838786772986,56.400001525878906,56.029998779296875,0.19171123734518802,0.19171123734518802,-0.08290146223446009,0.036110127053153196,0.019839828537199677,0.01731607003877933,0.011659220195137321,0.0010649870984826837,-0.018618403899367975,0.02173914395568488,-0.009831417970412204,0.00035474383442291035,-0.023038247477975005,0.04251392082493366,-0.008438810359049032,0.010209558949130448,-0.02523330572194038,-0.018618403899367975,-0.06776856982018342,-0.1389312744140625,56.05200042724609,56.39000053405762,56.18500022888183,55.81866671244303,56.44833354949951,56.30199966430664,56.68799934387207,56.16199932098389,55.84366594950358,56.51933288574219,56.907999420166014,57.207999801635744,57.03599967956543,56.65666643778483,57.28216673533122,55.67199935913086,55.90299949645996,55.39099960327148,55.13133316040039,55.82949981689453,56.21066640218099,56.500333277384435,56.203999837239586,55.868888770209416,56.520000033908424,0.43217006168970407,0.82928374121319,1.3671694105945793,1.4119509551634162,1.7078524717937684,0.5865756840979268,0.9318658200196236,1.6101704998550663,1.4994262732323902,1.8300828400523017,0.013842099003642166,0.018224736214500596,0.02611277824958167,0.023601219528771887,0.02025283082444872,57.959999084472656,54.939998626708984,58.45000076293945,54.79999923706055,58.45000076293945,51.11000061035156,58.45000076293945,51.11000061035156,60.880001068115234,51.11000061035156,0.3480010986328139,0.01000099182128622,0.21500129699707315,0.5813348134358733,-0.04833202362060263,-0.27200088500976705,-0.6580005645751967,-0.13200054168701314,0.1863328297932938,-0.4893341064453125,0.020991181785079062,0.018153808151279226,0.014912454519010836,0.0167104500293313,0.018284660433464172,0.8052411064093369,0.01205979488593776,0.15726017224406172,0.41172450877954125,-0.028299882114414067,1.6604909636579102,1.485574880408575,1.4484966308696077,1.7558778466202711,1.9434704390787487,0.48344459531988915,0.4383566082024162,0.7207085566151532,0.7207085566151532,0.5414534972025651,1.6141905612964207,1.471589583149074,1.4362040756389827,1.6932434920103585,1.7140044927812605,0.6158231677013586,0.28508981689888585,0.33507660456103994,0.25309440883587214,0.1950148684787641,0.21973650952063276,0.28930871839992767,0.41452750373621783,0.37465774506582866,0.3215037222393273,-0.018618403899367975,-0.009831417970412204,0.04251392082493366,0.010209558949130448,-0.06776856982018342,0.7485391784233894,1.0141244323334366,-0.10419138063877643,-0.30691039244651724,0.7406828307374447,1.2532128103477969,0.5958719268050148,1.6544201750461203,0.6554440952325654,1.7308238110699883,45.52171329477061,0.05518991121075345,0.08658061063981276,-0.03139069942905931,58.91933905007099,53.45066140769268,0.09733340963069081,0.5393150430609456,1.5214290618896484,0.026975691856879116,630301848.0,-0.029538918047397833,37.62117976107054,43.36269052100217,26.13815824120728,2026-04-23 01:30:00,-0.04468085797138466,0.00105201462484571,53.880001068115234
600030,中信证券,26.5600004196167,0.4523821417693963,0.14286038664640532,0.3095217551229909,-0.4523821417693963,-0.38095648975163726,0.6190435102459818,0.3095217551229909,0.015939281601995425,26.579999923706055,26.479999542236328,0.2380961031052319,-0.2380961031052319,1.30952175512061,-0.008885589377431113,0.007648212843480495,-0.008610990270307983,0.006844118266061905,0.006844118266061905,0.006461424543698913,0.014948232555290097,0.09648032962775899,0.10425354661065422,0.08037532823166216,0.07380371881937431,0.01963805322934986,0.014559354605848673,-0.045421782237853536,-0.04342019126296215,-0.046148398318413664,-0.10426727665920432,26.409999465942384,26.254999732971193,25.223499870300294,25.258333269755045,26.32255283991496,26.28400001525879,26.080000114440917,25.17799997329712,25.253999964396158,26.40533339182536,26.588000106811524,26.49600009918213,25.461000156402587,25.517333475748696,26.631000105539957,26.17599983215332,25.926999855041505,24.985999965667723,25.037333297729493,26.19116668701172,26.391333134969074,26.22599989573161,25.22349999745687,25.27100001441108,26.381573210822214,0.18814864710273185,0.2314804541788461,1.0830232814698004,0.9508727007094596,1.3553661575796478,0.16890819543556365,0.4461188651354871,0.9877599292333261,0.8674442081365827,1.4107475645740306,0.008865571897145794,0.02338655511228559,0.020908467945297386,0.019580115451156732,0.015520257948694053,27.010000228881836,26.079999923706055,27.010000228881836,25.010000228881836,27.010000228881836,23.770000457763672,27.010000228881836,23.770000457763672,28.600000381469727,23.770000457763672,0.07000007629394389,0.2249998092651353,1.2564996719360337,1.2216662724812828,0.15744670232136926,0.2959999084472642,0.49999980926513743,1.4019999504089355,1.3259999593098968,0.17466653188069614,-0.00993122233495598,-0.018100479330790342,-0.012379749097777438,-0.009274815251937933,-0.007940544214196987,0.37204666295235594,0.9720034897215306,1.16017789592634,1.284784253000949,0.11616543724421624,0.03226060090602092,-0.4252193693172,-0.13701089989437643,-0.12245481757753134,-0.18314352737909723,0.4301069755608721,0.7349996566768786,0.8364195296027954,0.8364195296027954,0.5610764238672524,1.0115769011532179,0.7369582788873047,0.917672831452711,0.9342558871079081,0.9147279609719703,0.9521971374974941,0.9475024179568066,0.8756550776226895,0.6446149760222256,0.5453620971461696,0.14073659082126524,0.37125005309768344,0.33191163887173514,0.31082469675416385,0.24637645689490756,0.006461424543698913,0.09648032962775899,0.07380371881937431,0.014559354605848673,-0.046148398318413664,1.1301916779142547,2.378944103261734,2.56951498013617,7.289177149226628,1.9666021678150891,5.57535416868945,1.5586722151503132,5.692968176041616,1.6385692925390731,7.86285034812226,74.53028045972803,0.24938870550301928,0.0023957560500753048,0.24699294945294398,27.389546433239897,23.057453307360692,0.17174829615853218,0.7900444739816703,0.6178573880876813,0.023332983337184674,5927985304.0,0.010463736572296378,79.93362168235358,82.28832348979341,75.22421806747388,2026-04-23 01:30:00,0.027945611174873486,0.0009327872333070706,27.219999313354492
000568,泸州老窖,101.82000350952148,0.48880785030428164,0.9440321345502679,0.007461433130354516,-0.08955427829633436,0.02238429939106355,0.04850643231900442,0.48880785030428164,0.026671976668378727,101.8499984741211,100.5,0.5037307165649907,0.5037307165649907,-0.1455221437456933,0.02514167224232411,0.007621361080295319,0.016061458945157092,0.012324797298947088,0.011922473224539765,-0.011644876682187055,-0.005662421451983368,-0.009241289391386576,-0.02320895988161742,-0.041502009913904736,-0.019164078716780497,-0.04679457249792096,-0.02814889782188068,-0.09803400526328232,-0.1672118075825575,-0.11426410352275818,-0.20933929282574748,100.90999908447266,101.88399963378906,103.1154998779297,103.97399978637695,108.83516858418783,100.72599945068359,101.75699920654297,103.15849952697754,104.01633326212566,109.04966672261556,101.54800109863281,102.44499969482422,104.17000007629395,105.0760004679362,110.47483329772949,100.27200012207031,101.11899871826172,102.19999885559082,103.04199905395508,107.82749964396159,100.91000010172527,101.81599934895833,103.16183293660481,104.03066643608942,109.04583384195963,0.627335050874732,1.1343057027305068,1.7636909577794229,2.2266034885056794,7.053944996970149,0.2556953887749244,1.1683036641752806,2.016647038987851,2.260309166448037,7.019601023724821,0.012221767230085022,0.008714931843775945,0.012209669682601523,0.012702369695534654,0.01933166202486091,103.16000366210938,99.72000122070312,103.80999755859375,99.72000122070312,108.5,99.72000122070312,110.33000183105469,99.72000122070312,127.91000366210938,99.72000122070312,0.9399993896484347,-0.03400115966796591,-1.2655014038085994,-2.1240013122558565,-6.985170110066733,-0.22599945068358807,-1.2569992065429716,-2.658499526977536,-3.516333262125656,-8.549666722615555,0.01834162045675356,0.016955255242316235,0.016957639064735557,0.01693471508647364,0.01790275667852651,1.4984008757939433,-0.029975305233931344,-0.7175301309029859,-0.9539198708793746,-0.9902501526544442,1.2909119984304955,1.9633482748636608,2.3954515984878553,1.9385605340809575,0.20774434179374912,0.6191848086440953,0.5207821908505602,0.24259653184009916,0.20075373523915288,0.07555860478711045,1.404773758016431,1.5174678805563444,1.6397758943384835,1.603012960188691,1.1290663763440518,-0.0941520078322794,-0.047248634230395305,-0.16443315621022342,-0.06743874148746469,0.389366919373085,0.19401454003514218,0.13834525410905255,0.1938224974224514,0.20164386765352763,0.3068806208839999,-0.011644876682187055,-0.009241289391386576,-0.019164078716780497,-0.02814889782188068,-0.11426410352275818,0.5234552471232897,1.7269336327252418,0.08479755148272856,2.2088800825705848,0.04993905443302796,-0.8614678398761787,0.030797020453506695,-0.44341062034827816,2.4274053022758326,12.193161108511484,32.832079401745744,-1.6549219354277653,-1.6770368946862055,0.022114959258440203,106.64288179348854,99.58811796237084,0.06841613374777998,0.3206174672741065,1.6842874799455916,0.016536941631604768,-273614036.0,0.07044514313836392,27.21714351315094,22.065263887802256,37.520902763848305,2026-04-23 01:30:00,-0.0171821308416088,0.0004945139044714467,100.0999984741211
002714,牧原股份,43.92499923706055,0.16783063814791419,-0.5734262376418497,0.19580596799909478,1.0559453244618695,-0.6083880640011111,-1.0139836634950468,0.19580596799909478,0.0330941989232445,44.400001525878906,43.4900016784668,0.6363633938522917,-0.6363633938522917,-0.5174809131792809,-0.038966659710695684,-0.027677758331366875,-0.027504461284918347,-0.04375545039136297,-0.040379479891444414,-0.06352276131519008,-0.015394985706759678,-0.007077569954189622,0.013752916820573446,0.03056874152145128,-0.023135641704991383,-0.12477353832949423,-0.1180287879281352,-0.029024318162268137,-0.04794217627141406,-0.07152003550828356,-0.10990583022520606,44.90800018310547,44.998999404907224,44.223499870300294,45.5330000559489,45.96516672770182,45.45999984741211,45.01699981689453,44.21399993896485,45.62766647338867,45.9313330968221,45.94000015258789,45.73499984741211,44.98649978637695,46.4146666208903,46.74333330790202,44.66399993896484,44.361000061035156,43.53550033569336,44.82700017293294,45.307000160217285,45.170666758219404,45.031666437784835,44.24849999745687,45.5915556165907,46.00516673194038,0.8558435147835798,1.1257434365855357,1.3117733670175258,2.620259576218,2.0941967312608423,0.6816148466212743,1.092519710655592,1.2713288036071295,2.6345443347590547,2.0394276908524147,0.012361743072454377,0.02091954472502264,0.023268278786037645,0.026819951566981467,0.023072435742469047,46.45000076293945,43.209999084472656,46.66999816894531,42.650001525878906,46.66999816894531,41.22999954223633,51.47999954223633,41.22999954223633,51.47999954223633,41.22999954223633,-1.4179985046386747,-1.5089977264404268,-0.7334981918334975,-2.0429983774820997,-2.4751650492350237,-1.0599983215332003,-0.6169982910156264,0.18600158691405966,-1.2276649475097656,-1.5313315709431947,-0.014526037847000106,-0.026990333318930936,-0.02659233572688636,-0.02368125382188825,-0.02653300465055134,-1.6568431963822174,-1.34044550241038,-0.5591653331860476,-0.7796931250720279,-1.181916203137053,0.6828545962857814,0.21774049110305715,0.348458936227046,0.05271942825182433,-0.006388936041968533,0.08642050893212944,0.20895543632766306,0.4154416740353625,0.22048801329075593,0.22048801329075593,1.1648310728294393,1.0557276002400986,1.100702547527923,1.0195003540243248,0.9976887135936775,-0.22496869968534502,-0.17013136237620086,0.0007848777434985426,-0.19133095088254462,0.14726817163388445,0.19623658764593874,0.332087477298618,0.369372474626253,0.4257535321261802,0.36626356269054605,-0.06352276131519008,-0.007077569954189622,-0.023135641704991383,-0.1180287879281352,-0.07152003550828356,0.3701579827711406,-1.2653419371095573,0.5463981709075403,-0.6097862068974534,-0.016032162456738944,-0.9331754734402329,-0.8732533487840237,1.5301350631008779,-0.5773938337882611,2.1620144778703025,49.21722168279678,-0.3387586678181762,-0.4502613609724826,0.11150269315430639,46.84704660433535,41.59995313626524,0.11864943940345707,0.3602086667033129,1.4078570774623327,0.03237197109972457,749652574.0,-0.16185242288245605,51.272179586270575,64.89292117054171,24.030696417728308,2026-04-23 01:30:00,0.027822465803025276,0.0003209338879240276,44.70000076293945
000002,万科A,3.8450000286102295,0.1428600622591154,-0.5714266251510659,0.0,0.9999999999857142,-0.9999999999857142,-0.28570990660418405,0.0,0.018372748743216594,3.869999885559082,3.809999942779541,0.8571399377265988,-0.8571399377265988,-0.5714266251510659,-0.010204071702683226,-0.012953355874389949,-0.01804128082389589,-0.023076961637717996,-0.030534382172842545,-0.03787881159658324,-0.025575483594881376,-0.015503861641813277,-0.002617798596338705,-0.056930698328024776,-0.0752427066481518,-0.17710586423179686,-0.18415420117014003,-0.23800001144409177,-0.18936168140499365,-0.20459290749020598,-0.40094341779923615,3.896000051498413,3.9230000495910646,3.937000024318695,4.103666679064433,4.467833348115286,3.922000026702881,3.9240000247955322,3.9445000290870667,4.127000006039937,4.476666661103566,3.9440000534057615,3.96700005531311,3.986000049114227,4.165000049273173,4.5328333655993145,3.878000020980835,3.890000009536743,3.900000011920929,4.071000011761983,4.42150000333786,3.90600004196167,3.92666670481364,3.941000028451284,4.113222246699864,4.47405557235082,0.05683312494722243,0.058509253888670086,0.07678405467785993,0.2899522112574219,0.4294777707075554,0.0334664617588626,0.049933383392242923,0.07598307101911123,0.3041454551505036,0.4213684759253056,0.0065738716897926095,0.012696976055186727,0.016581123157686065,0.0206661512294747,0.022589322956974293,4.019999980926514,3.809999942779541,4.050000190734863,3.809999942779541,4.139999866485596,3.759999990463257,4.760000228881836,3.759999990463257,5.179999828338623,3.759999990463257,-0.08600010871887198,-0.11300010681152362,-0.12700008153915388,-0.2936667362848917,-0.6578334053357446,-0.05200014114379892,-0.054000139236450195,-0.07450014352798462,-0.2570001204808552,-0.6066667755444843,-0.010365518505761551,-0.016551967173882985,-0.014267764567202367,-0.011490262790370406,-0.014485639606788656,-1.5132039421943102,-1.931320249350744,-1.6539902987712285,-1.0128108180667028,-1.5317053645185095,1.3182024254870768,0.2937099436313151,0.3747550124163772,0.002116922238872736,-0.5392017464950286,0.0,0.0,0.1315788648131382,0.04999994039531943,0.03521123804567468,1.2204833947546962,1.1044735613832597,1.1050930076925514,1.0007270704393987,0.6436041761434261,-0.08416557892860566,0.6584076206201279,0.5201246622251948,0.19621152546974385,0.48775338192981554,0.10435697785223516,0.201558246267396,0.2632171700002281,0.32806498026025077,0.35859438497685714,-0.03787881159658324,-0.015503861641813277,-0.0752427066481518,-0.18415420117014003,-0.20459290749020598,-0.9459013735936375,2.0781380490085333,1.3725923671884008,2.9354264352539565,0.8361560301667321,0.9362730002869374,-0.8714110396520582,3.028906227500007,-0.025144567280420593,1.3981638337194597,42.02898200097719,-0.13636528887940935,-0.15647497826474144,0.020109689385332086,4.090568133674415,3.783431914962975,0.07801275509631535,0.08650242530152633,0.08857148034232003,0.023247108050526766,4299013136.0,-0.07248557675627587,25.444273436952816,40.47257321305509,-4.612326115251733,2026-04-23 01:30:00,0.02624675710052471,0.0003031120877191275,3.9100000858306885
000725,京东方A,4.230000019073486,0.24999801317452938,0.16666666666527777,0.16666666666527777,0.24999801317452938,-0.6666666666611111,0.49999999999583333,0.16666666666527777,0.028776950446653737,4.260000228881836,4.190000057220459,0.5833353201518595,-0.5833353201518595,0.5833353201518595,0.002336390550113032,-0.0071427938889455644,-0.018735345213911736,-0.007108941815807235,0.0,0.039702193320659385,0.039702193320659385,0.04488773517821332,0.06615775726380413,0.04488773517821332,0.05012532511420642,-0.002380893452094579,-0.0455580444983581,-0.03899084199268488,-0.02784220119541192,-0.05842691307611847,0.03456786664007372,4.177999973297119,4.101000022888184,4.029500067234039,4.067000039418539,4.220833333333333,4.144000053405762,4.088000106811523,4.0260000944137575,4.0796667575836185,4.227333386739095,4.238000011444091,4.148999977111816,4.072500026226043,4.119333338737488,4.275500015417735,4.111999988555908,4.0550000190734865,3.99000004529953,4.03133335908254,4.176833339532217,4.17599999109904,4.1016666730244955,4.030666712919871,4.0725555790795225,4.224388896094428,0.09418066101969132,0.1031126219440111,0.10630018081005034,0.13899018037260433,0.19372606043156435,0.10454662270418126,0.0923519346136664,0.0936623184877837,0.14475858650025022,0.19000323303453395,0.022449167802024623,0.01592597453049193,0.015354335403668448,0.018856549839560116,0.018052019011008516,4.340000152587891,4.0,4.340000152587891,3.9800000190734863,4.340000152587891,3.890000104904175,4.46999979019165,3.8499999046325684,4.599999904632568,3.8499999046325684,0.012000083923339844,0.08900003433227521,0.16049998998641968,0.12300001780192016,-0.03083327611287423,0.11600017547607422,0.17200012207031268,0.23400013446807844,0.18033347129821742,0.03266684214274118,-0.026751347746255493,-0.023248299491970457,-0.02129428251212979,-0.017354390394130566,-0.01789278326651173,0.1274155839775158,0.8631342376274556,1.5098750421855824,0.8849547318472228,-0.15915915517007703,-0.30226330841165566,0.2109468612753311,0.699064815924448,0.6178497695533477,0.19602844770716601,0.55882344691238,0.5833332229527821,0.666666490058849,0.5483874441053302,0.4533335367832497,0.862657238729029,1.1032357588345192,1.3350242924438882,1.2565582893117626,1.0730651319436941,0.8052727153715429,0.7695668525885054,0.7266525502374233,0.26747521629735377,0.3309088292346816,0.35636949086709385,0.25281700796418183,0.24374251814868755,0.29933844876102583,0.28656691779443216,0.039702193320659385,0.04488773517821332,0.05012532511420642,-0.0455580444983581,-0.05842691307611847,0.7370029617870015,1.3717665671043389,1.3728175820748245,3.6226417440904433,1.236241794292713,1.3812199246232235,0.04058115958651788,1.4529654614992051,0.058652484912470985,0.5639774216672628,69.35483560693378,0.010381490052661313,-0.029768691611787162,0.040150181664448475,4.24210042885414,3.8168997056139387,0.10552195462102716,0.8774687605478821,0.09214283738817487,0.02199113034124351,8592786852.0,0.3043891409363175,68.86271110905516,69.73817773593434,67.11177785529676,2026-04-23 01:30:00,-0.026253014800046492,-0.0015099482624193747,4.079999923706055
600036,招商银行,39.69000053405762,0.14705651359222532,-0.029406814841323153,0.5882372740617061,0.6470621234371572,0.7058869728126083,-0.4999831704593223,0.14705651359222532,0.008603242627748697,39.810001373291016,39.720001220703125,0.26470621234312747,0.26470621234312747,-0.3823446914012249,-0.004246769276276763,-0.002523939344193593,0.0017614416675313382,-0.0015048297015570755,-0.0015048297015570755,-0.00250559946137352,0.021293017978498252,0.014009247969227534,0.010406087094763539,-0.0002510879359575169,0.014009247969227534,-0.002755430879249565,0.007848136032683861,0.026560150242810776,0.03942564402897775,0.027885407792915373,-0.026424902513777382,39.762000274658206,39.594000244140624,39.529500007629395,39.550333150227864,39.16149978637695,39.76999969482422,39.545000076293945,39.521500205993654,39.55233357747396,39.163500022888186,39.96800079345703,39.76300048828125,39.74300003051758,39.791666920979814,39.45150006612142,39.566000366210936,39.380000305175784,39.311499977111815,39.325,38.90083338419596,39.76533381144206,39.579000345865886,39.52800000508626,39.55566669040255,39.17127774556478,0.14549860395101258,0.3588625468653912,0.30625877599801005,0.344808454581979,0.6080946738212325,0.16688272637239288,0.34919733755060794,0.2822328203589482,0.31396983196512857,0.5866968324006041,0.0068281001305786826,0.008202676408577261,0.008577910226800852,0.009233101792076029,0.00948012803667325,40.150001525878906,39.33000183105469,40.150001525878906,38.91999816894531,40.150001525878906,38.91999816894531,40.36000061035156,38.54999923706055,40.36000061035156,37.310001373291016,0.04800109863280966,0.21600112915039205,0.2805013656616211,0.2596682230631515,0.6485015869140653,-0.04999847412109659,0.1750011444091797,0.19850101470947124,0.16766764322916572,0.5565011978149386,0.0022444059866346456,0.0003391860270439029,0.0010308059712208217,0.001459548058079944,0.0012588032259002475,0.3299076233655209,0.60190491049157,0.9158965804216752,0.7530796290282428,1.0664483917246828,0.280123881577689,-0.21435647926008874,-0.2348644421705086,-0.42363598534425245,-0.6329687474121748,0.5853655132623422,0.7235778661318154,0.7235778661318154,0.6961332487493018,0.8196723361834571,1.0170416364888066,0.9426381251774794,0.9452302094959069,0.9082911788623101,0.6709882335637676,0.4000723988349706,0.7495604542781005,0.6273593389801113,0.18934643115490782,0.10279590161874727,0.10839272923535312,0.13021345117339125,0.13617010337251628,0.14657094702946785,0.1504923670925306,-0.00250559946137352,0.014009247969227534,0.014009247969227534,0.007848136032683861,0.027885407792915373,0.003996288974590601,0.7049800030567775,1.1557507969355676,2.08343889779824,0.7539906730401721,-0.045833152391978535,-0.3298336949547135,1.7586105819827065,0.11813232280548798,0.22991440175150432,50.63942711059157,0.11518327658455974,0.07569680504570064,0.03948647153885909,40.142017559625415,38.916982455633374,0.030990402199764042,0.728974145105571,0.44499969482421875,0.01117808790438181,518652719.0,0.012246040188023999,68.98083002370116,63.76645619442892,79.40957768224563,2026-04-23 01:30:00,-0.03868376946504071,-0.0017264410069146132,38.27000045776367
600309,万华化学,87.45500183105469,0.4152265851455012,0.4152265851455012,0.5674739570956701,0.5121093564378187,0.13494791419168609,-0.49827084620281703,0.5674739570956701,0.033600736168683865,87.69999694824219,87.6500015258789,0.017299457758482708,-0.017299457758482708,0.07266405841633397,-0.009470735087700244,-0.012400898462206933,-0.0005700732508894246,0.0018288223341658139,0.0012565753849798078,-0.02719197546874419,-0.04934919276534777,0.000685068963318658,0.0639718918204053,0.05768068807616911,0.11727221077785988,0.08666002413105689,-0.020122923239503265,-0.02296285341229376,0.0517159272543517,0.018949139112107716,0.42636290378601105,87.62999877929687,88.92799911499023,85.84049949645996,83.73899968465169,85.59383277893066,87.93199920654297,88.76199951171876,85.14050025939942,83.62633336385092,85.4913330078125,89.27400054931641,90.3640007019043,87.00349998474121,85.2740000406901,87.36983324686686,86.06199951171875,87.16399917602538,84.07049942016602,82.24466654459636,83.91316680908203,87.65533294677735,88.81866633097331,85.63816630045574,83.75255542331271,85.62561094495986,0.11467249803029243,1.6216916052874557,3.969885175718105,4.875492211064166,4.482437847742001,0.8814593264192225,1.482144401000905,4.293619778692577,4.855902581649959,4.453062488240014,0.011552321763560906,0.01800055451083977,0.019194582659356814,0.023996086667508736,0.026143950078687462,90.19999694824219,83.04000091552734,93.13999938964844,83.04000091552734,93.13999938964844,77.5999984741211,93.13999938964844,73.36000061035156,97.0,73.36000061035156,0.020002746582036934,-1.2779975891113224,1.809502029418951,3.9110018412272183,2.056168746948245,-0.23200225830078125,-1.0620025634765682,2.5594966888427706,4.073663584391269,2.2086639404296875,0.004874251666371543,-0.0007836954936928375,-0.006302663870911079,-0.0001712276868417832,-0.0012223926964968989,0.17443368658959954,-0.7880645031050776,0.45580714537698885,0.8021757951640267,0.45871662180069445,0.05342519938887744,0.011226125807680681,0.34818049576341226,-0.14505530492035126,-0.49264973983252935,0.6438551906016842,0.4564357729521608,0.646718304997997,0.7224470069474187,0.6044839798847074,1.0074188463745486,1.0017765070779836,1.0739691050777587,0.9543911256468754,0.8342905087957685,-0.43410554908941795,0.14651320248324393,0.5718418884136638,0.1548761075535087,0.11670696271667859,0.18338742271068764,0.2857499441816638,0.3047045534179857,0.3809260665658847,0.41502234118256737,-0.02719197546874419,0.000685068963318658,0.11727221077785988,-0.020122923239503265,0.018949139112107716,-2.100642035919774,4.542215757109263,0.4900425212190445,0.2826717397307922,0.7026856917583255,0.39505008920313534,0.025012275502847573,0.5060923577971135,-0.5604297319330742,1.0694790555072868,64.39395623493652,1.329626899155059,1.2256738708273618,0.10395302832769726,93.78026984789616,77.90072914502375,0.18498891311236024,0.6139517863442373,3.1764297485351562,0.036239928046062506,603794371.0,-0.15390862316554965,49.57297238786483,57.43969680810047,33.83952354739354,2026-04-23 01:30:00,0.021563027458595174,-0.005834632126553613,89.54000091552734
601012,隆基绿能,17.58000087738037,0.2380961031052319,0.571432463974734,0.3809519484461936,0.3095217551229909,-0.2380961031052319,0.09523571645882657,0.3809519484461936,0.02417962325852474,17.690000534057617,17.530000686645508,0.3809519484461936,-0.3809519484461936,0.11904578089989414,0.007361328948951584,-0.0017240678134801124,-0.0011395185917050243,-0.003410998602723425,-0.006798806486022935,0.0011422305826520596,-0.008484141173140225,0.03605204536648987,0.05222093920778392,-0.02012290191643229,-0.07199569862073141,-0.0544768165591597,-0.06705695409735823,-0.056004255534187086,-0.056004255534187086,0.008630698108289758,-0.06953287979471912,17.552000045776367,17.5,17.51200008392334,17.943666839599608,18.170833396911622,17.546000289916993,17.44200019836426,17.558499908447267,17.965333302815754,18.14683332443237,17.7120002746582,17.66800022125244,17.78150005340576,18.26433340708415,18.505166721343993,17.36599998474121,17.280000114440917,17.30350008010864,17.69633344014486,17.89233334859212,17.543333435058592,17.48266677856445,17.53233340581258,17.96811122894287,18.189444488949245,0.07758832070703381,0.16034664379667513,0.4659523021900683,0.7332426872469968,0.6802973404320296,0.11631832912220076,0.23413211532335823,0.5198508674427024,0.7305819100395929,0.6737486460305766,0.006683858295785219,0.012743067886342883,0.021088703863314757,0.018473022957818608,0.024735435220711893,17.799999237060547,17.229999542236328,18.020000457763672,16.950000762939453,19.059999465942383,16.389999389648438,19.600000381469727,16.389999389648438,20.049999237060547,16.389999389648438,-0.021999359130859375,0.030000686645507812,0.01800060272216797,-0.41366615295410014,-0.640832710266114,0.1440002441406243,0.24800033569335866,0.13150062561035014,-0.27533276875813684,-0.45683279037475444,-0.0013856266390246841,-0.004759665754575049,0.0023777486463891885,0.0010062678182083062,-0.0015789181389048593,-0.283539570519168,0.18709893724599924,0.038631857032410684,-0.5641599434242844,-0.9419891453025596,0.7713932542409786,0.162820395236315,-0.36617186333333834,-0.6874937412656875,-0.8130537213362574,0.5263180789968146,0.5420561580634805,0.42696676570099784,0.35514048123390196,0.3114757771924018,1.1683835701201788,1.0533125539660024,0.8769889208092804,0.6510625787959521,0.587942265121746,0.31216214218505284,0.7208366516477638,0.3615152068416021,0.4561725239769558,0.6325106483371453,0.10610296109426211,0.20228993140366058,0.3347727953701075,0.2932501482598492,0.3926628609897105,0.0011422305826520596,0.03605204536648987,-0.07199569862073141,-0.06705695409735823,0.008630698108289758,2.0895827172529735,4.464373818474996,1.4125235573537802,2.110486954499705,0.13669638810717402,-0.48977703773028647,0.05866914570944601,-0.06659024008467794,1.0499521838065748,3.7644872598182393,52.537314282403926,-0.18826247012267672,-0.24288849010009353,0.05462601997741681,18.443904688303476,16.580095479543203,0.10643040200023823,0.5096579642578499,0.44571426936558317,0.025425798739706063,3800476047.0,-0.06566974539985193,58.68674804278405,59.13102420433828,57.798195719675604,2026-04-23 01:30:00,-0.061038309199154095,-0.00648282392205644,16.459999084472656
601899,紫金矿业,34.85000038146973,0.0,-0.07746242394116695,0.1830998401589061,0.978871442194639,-0.6338003196814835,-0.02817230587379982,0.1830998401589061,0.04159349762824216,35.560001373291016,34.400001525878906,0.8169001598403897,-0.8169001598403897,-0.09859098174582373,-0.008365845843682052,-0.031214592407085795,-0.03180403299299894,-0.03533366031757412,-0.012061980833611097,-0.025495686420206942,0.02198460136130076,0.014749261872991415,0.04527504361516921,0.007320643889592526,0.03489770724541108,-0.01489108448833898,-0.07626208444104499,-0.13197071413768346,-0.11363049964865668,-0.07799516859560562,0.14552117014025767,35.02799987792969,34.75599975585938,33.936499977111815,33.8603333791097,36.33050009409587,35.21399993896485,34.89200019836426,34.02950019836426,33.95000025431315,36.36016680399577,35.49800033569336,35.221000289916994,34.42100028991699,34.42300008138021,36.99983342488607,34.61600036621094,34.42500038146973,33.563500213623044,33.439666493733725,35.73316656748454,35.047333526611325,34.80066680908203,33.97366682688395,33.90766665140788,36.35450002882216,0.5426502245518243,0.6735178066638707,1.117813759900923,1.4385012025611437,2.9174921983476407,0.3719943085941617,0.7230917332774477,1.1699684144228957,1.5167503613382431,2.910379212297027,0.02091883959253605,0.018727302334647974,0.025858973043214016,0.029549466328455353,0.03242461258016771,35.86000061035156,34.13999938964844,36.0,33.310001373291016,36.0,31.5,37.15999984741211,29.799999237060547,44.939998626708984,29.799999237060547,-0.6279983520507812,-0.3559982299804716,0.46350154876709126,0.539668146769209,-1.9304985682169615,0.34600143432616903,0.6680011749267578,1.530501174926755,1.6100011189778627,-0.8001654307047517,-0.0268277510934114,-0.033426800417045224,-0.033833560928033204,-0.029584722084552314,-0.030973174493986948,-1.1572801846130052,-0.5285654313184467,0.4146500655062243,0.37516002475910004,-0.6616979367792869,0.8271579056578806,1.2919224657384056,1.3246001405896244,0.6231265822818485,0.12903185368977496,0.1511639254093264,0.4052047245544584,0.6444447835285027,0.625000259150523,0.3038310749182184,1.203061410565142,1.3232064699957566,1.3657971858312667,1.2188769796932304,1.0585544424745015,0.8785271261452422,0.5553264433793814,0.7594840487197669,0.04759952865774856,0.0384255578538377,0.3320762836674127,0.29728670822758707,0.41049847099120435,0.46908323567861837,0.5147247674684409,-0.025495686420206942,0.014749261872991415,0.03489770724541108,-0.07626208444104499,-0.07799516859560562,0.1991875080461698,0.18563875919769637,0.05049905759339201,0.44531894451646087,0.8851615572507212,1.0039770826994643,0.26616896776328325,0.7712790281966252,-0.3261411503633084,0.4025701333648862,57.72948896376456,0.04272009733246307,-0.23492341341676054,0.2776435107492236,36.17212749691366,31.70087245730997,0.13175357042179242,0.6036625163765138,0.9614282335553851,0.027948493921783134,10025105931.0,-0.03901420441599701,64.5544734162449,70.11586523746337,53.43168977380799,2026-04-23 01:30:00,-0.03197680930307034,-0.008213105869899665,33.29999923706055
